sample_id,sample_filename,Edge MAE AIR-Net,Edge MAE Bicubic
0,000001.npy,0.155087,0.192612
1,000021.npy,0.140893,0.222125
2,000034.npy,0.375367,0.36163
3,000064.npy,0.235033,0.354779
4,000095.npy,0.084727,0.085119
5,000098.npy,0.219487,0.182405
6,000103.npy,0.117568,0.304317
7,000122.npy,0.155215,0.224908
8,000130.npy,0.579437,0.250041
9,000146.npy,0.131566,0.305965
10,000160.npy,0.268545,0.158649
11,000161.npy,0.24526,0.177419
12,000186.npy,0.18361,0.126528
13,000189.npy,0.382018,0.221823
14,000197.npy,0.278195,0.249975
15,000200.npy,0.225799,0.204313
16,000201.npy,0.105171,0.386085
17,000202.npy,0.098275,0.375947
18,000206.npy,0.550399,0.334685
19,000241.npy,0.104152,0.470094
20,000253.npy,0.146832,0.434477
21,000262.npy,0.237847,0.176338
22,000293.npy,0.256032,0.238546
23,000317.npy,0.267181,0.415511
24,000330.npy,0.281695,0.123893
25,000337.npy,0.084597,0.126248
26,000378.npy,0.495637,0.390892
27,000379.npy,0.479324,0.431705
28,000391.npy,0.091859,0.067616
29,000392.npy,0.165639,0.178534
30,000397.npy,0.254793,0.423727
31,000400.npy,0.162412,0.321824
32,000403.npy,0.131125,0.581543
33,000418.npy,0.183002,0.204704
34,000452.npy,0.126647,0.25128
35,000455.npy,0.378554,0.360064
36,000459.npy,0.353311,0.215857
37,000466.npy,0.178414,0.273866
38,000474.npy,0.145228,0.522909
39,000488.npy,0.271824,0.132911
40,000492.npy,0.362002,0.194937
41,000502.npy,0.291123,0.339801
42,000540.npy,0.237642,0.362786
43,000562.npy,0.39983,0.385457
44,000563.npy,0.395443,0.324556
45,000586.npy,0.231512,0.219089
46,000600.npy,0.156374,0.249025
47,000608.npy,0.316831,0.291695
48,000623.npy,0.444398,0.305273
49,000627.npy,1.246942,0.667177
50,000640.npy,0.258025,0.336242
51,000641.npy,0.538532,0.319549
52,000646.npy,0.328454,0.285226
53,000648.npy,0.531234,0.279822
54,000659.npy,0.473434,0.460167
55,000663.npy,0.127267,0.442285
56,000683.npy,0.251134,0.218691
57,000698.npy,0.175386,0.479759
58,000702.npy,0.219269,0.129957
59,000709.npy,0.086599,0.057049
60,000747.npy,0.088177,0.302849
61,000763.npy,0.326622,0.276765
62,000766.npy,0.16882,0.153095
63,000769.npy,0.149409,0.192207
64,000775.npy,0.123891,0.211394
65,000779.npy,0.495686,0.338177
66,000791.npy,0.08037,0.196343
67,000795.npy,0.284098,0.178432
68,000804.npy,0.554053,0.298751
69,000815.npy,0.425798,0.222081
70,000835.npy,0.360094,0.241014
71,000854.npy,0.455819,0.276963
72,000860.npy,0.235953,0.139538
73,000863.npy,0.289018,0.390724
74,000870.npy,0.287447,0.254749
75,000877.npy,0.060999,0.182156
76,000878.npy,0.061633,0.140053
77,000880.npy,0.192309,0.244566
78,000955.npy,0.109408,0.299412
79,000956.npy,0.413333,0.305887
80,000960.npy,0.050886,0.215319
81,000972.npy,0.137079,0.265116
82,000975.npy,0.19436,0.140349
83,000995.npy,0.115229,0.255235
84,001016.npy,0.261576,0.235004
85,001020.npy,0.357003,0.219482
86,001021.npy,0.335336,0.179411
87,001028.npy,0.243124,0.241871
88,001038.npy,0.33685,0.346143
89,001051.npy,0.195479,0.358034
90,001059.npy,0.526792,0.282872
91,001076.npy,0.457673,0.280314
92,001082.npy,0.062834,0.305266
93,001095.npy,0.074825,0.073749
94,001129.npy,0.143881,0.260088
95,001130.npy,0.130464,0.217614
96,001136.npy,0.387494,0.195689
97,001147.npy,0.324132,0.351917
98,001152.npy,0.553286,0.368949
99,001153.npy,0.336657,0.234704
100,001154.npy,0.320742,0.284136
101,001158.npy,0.176712,0.163921
102,001162.npy,0.129607,0.354137
103,001180.npy,0.440891,0.211101
104,001183.npy,0.350884,0.251515
105,001184.npy,0.419158,0.259087
106,001215.npy,0.557222,0.349477
107,001218.npy,0.216107,0.134423
108,001238.npy,0.204535,0.10797
109,001257.npy,0.060067,0.476562
110,001267.npy,0.102647,0.174847
111,001275.npy,0.290953,0.147292
112,001282.npy,0.416218,0.231365
113,001291.npy,0.491941,0.215541
114,001294.npy,0.11724,0.087718
115,001297.npy,0.145531,0.360604
116,001300.npy,0.085201,0.377896
117,001306.npy,0.499805,0.380659
118,001327.npy,0.382425,0.211758
119,001354.npy,0.166596,0.286964
120,001363.npy,0.328478,0.240742
121,001367.npy,0.241378,0.334593
122,001369.npy,0.52197,0.286988
123,001390.npy,0.121621,0.248914
124,001400.npy,0.200743,0.136778
125,001408.npy,0.070307,0.078405
126,001415.npy,0.63167,0.350114
127,001434.npy,0.086679,0.369817
128,001438.npy,0.178725,0.236436
129,001439.npy,0.185699,0.192901
130,001443.npy,0.28088,0.242093
131,001445.npy,0.178668,0.074928
132,001478.npy,0.227257,0.173488
133,001479.npy,0.219582,0.140636
134,001482.npy,0.240593,0.364403
135,001484.npy,0.138017,0.392942
136,001485.npy,0.104602,0.446044
137,001495.npy,0.093665,0.295696
138,001496.npy,0.137095,0.310006
139,001500.npy,0.194049,0.217357
140,001515.npy,0.332045,0.153306
141,001520.npy,0.256613,0.305273
142,001522.npy,0.207706,0.174666
143,001527.npy,0.058749,0.173335
144,001528.npy,0.353981,0.419026
145,001529.npy,0.156606,0.149629
146,001534.npy,0.188485,0.176443
147,001570.npy,0.199179,0.12186
148,001579.npy,0.076044,0.076082
149,001585.npy,0.422211,0.230645
150,001589.npy,0.461186,0.306937
151,001597.npy,0.200255,0.350575
152,001603.npy,0.355593,0.198973
153,001631.npy,0.306052,0.191594
154,001634.npy,0.156908,0.257381
155,001636.npy,0.501753,0.479585
156,001638.npy,0.485064,0.249571
157,001643.npy,0.108116,0.086278
158,001648.npy,0.495166,0.286884
159,001661.npy,0.268446,0.28321
160,001663.npy,0.266442,0.353808
161,001678.npy,0.20004,0.180723
162,001682.npy,0.311896,0.198547
163,001685.npy,0.140235,0.402122
164,001695.npy,0.299507,0.220116
165,001696.npy,0.159604,0.162461
166,001698.npy,0.145124,0.102949
167,001704.npy,0.225367,0.307859
168,001707.npy,0.091411,0.314286
169,001722.npy,0.360924,0.209744
170,001733.npy,0.090196,0.132993
171,001734.npy,0.085539,0.101627
172,001751.npy,0.272772,0.305117
173,001757.npy,0.113572,0.191426
174,001759.npy,0.113701,0.218128
175,001768.npy,0.1101,0.483695
176,001787.npy,0.374506,0.300108
177,001794.npy,0.413462,0.495744
178,001796.npy,0.173896,0.087543
179,001802.npy,0.062701,0.200413
180,001806.npy,0.332485,0.299633
181,001819.npy,0.145306,0.148175
182,001843.npy,0.159154,0.172603
183,001853.npy,0.200158,0.266965
184,001863.npy,0.143368,0.288656
185,001881.npy,0.361417,0.309971
186,001884.npy,0.076517,0.577488
187,001895.npy,0.242054,0.304415
188,001899.npy,0.20078,0.303168
189,001919.npy,0.371862,0.176321
190,001923.npy,0.375967,0.267119
191,001930.npy,0.416986,0.239745
192,001955.npy,0.091841,0.05285
193,001959.npy,0.141549,0.215435
194,001969.npy,0.187382,0.309422
195,001981.npy,0.430495,0.349981
196,001986.npy,0.139065,0.367102
197,001998.npy,0.242098,0.135067
198,002027.npy,0.235081,0.413537
199,002038.npy,0.240771,0.359588
200,002041.npy,0.838876,0.44261
201,002047.npy,0.27936,0.431895
202,002049.npy,0.115136,0.103265
203,002056.npy,0.245228,0.148654
204,002061.npy,0.203791,0.320262
205,002062.npy,0.215272,0.344566
206,002068.npy,0.359063,0.246331
207,002088.npy,0.372013,0.222515
208,002101.npy,0.219855,0.343119
209,002135.npy,0.527213,0.259099
210,002139.npy,0.340688,0.259242
211,002146.npy,0.483956,0.265108
212,002160.npy,0.25388,0.328647
213,002169.npy,0.254335,0.289266
214,002182.npy,0.310125,0.328804
215,002191.npy,0.261929,0.370772
216,002198.npy,0.154709,0.11033
217,002199.npy,0.120824,0.073814
218,002200.npy,0.299871,0.404683
219,002214.npy,0.117018,0.074722
220,002235.npy,0.206611,0.456032
221,002237.npy,0.464939,0.268929
222,002253.npy,0.377954,0.330903
223,002255.npy,0.377615,0.384626
224,002264.npy,0.688173,0.533927
225,002267.npy,0.267217,0.160868
226,002278.npy,0.185089,0.27899
227,002294.npy,0.365012,0.206915
228,002300.npy,0.331833,0.290643
229,002301.npy,0.099928,0.277123
230,002317.npy,0.765963,0.46201
231,002324.npy,0.1611,0.313796
232,002327.npy,0.15672,0.377868
233,002336.npy,0.500955,0.3583
234,002343.npy,0.178585,0.297978
235,002363.npy,0.399976,0.233581
236,002385.npy,0.40529,0.372657
237,002391.npy,0.26181,0.431422
238,002393.npy,0.669067,0.395578
239,002432.npy,0.123741,0.491141
240,002433.npy,0.21394,0.163079
241,002435.npy,0.248898,0.233825
242,002449.npy,0.112237,0.152357
243,002450.npy,0.111734,0.160093
244,002454.npy,0.357771,0.280802
245,002489.npy,0.15497,0.414258
246,002511.npy,0.395537,0.450505
247,002520.npy,0.203917,0.171792
248,002532.npy,0.279371,0.239688
249,002556.npy,0.242415,0.157342
250,002557.npy,0.306522,0.200642
251,002558.npy,0.308918,0.16527
252,002568.npy,0.227669,0.202849
253,002572.npy,0.159317,0.223946
254,002598.npy,0.410444,0.204555
255,002604.npy,0.177296,0.367437
256,002612.npy,0.170186,0.410273
257,002613.npy,0.147473,0.404267
258,002625.npy,0.266228,0.415719
259,002640.npy,0.419591,0.346684
260,002660.npy,0.232951,0.382107
261,002675.npy,0.293835,0.307388
262,002680.npy,0.265916,0.158695
263,002690.npy,0.302765,0.325875
264,002693.npy,0.085262,0.472014
265,002695.npy,0.358269,0.266517
266,002729.npy,0.094971,0.51715
267,002731.npy,0.120421,0.444128
268,002734.npy,0.240808,0.462295
269,002747.npy,0.155069,0.179717
270,002767.npy,0.079121,0.262742
271,002773.npy,0.280478,0.210115
272,002777.npy,0.392495,0.233199
273,002790.npy,0.414359,0.270561
274,002796.npy,0.226677,0.461541
275,002799.npy,0.170666,0.274336
276,002811.npy,0.147743,0.104626
277,002814.npy,0.275816,0.263794
278,002824.npy,0.366624,0.32677
279,002842.npy,0.157365,0.439419
280,002848.npy,0.155108,0.254597
281,002853.npy,0.595762,0.259311
282,002863.npy,0.413172,0.251037
283,002869.npy,0.09366,0.286137
284,002879.npy,0.233921,0.179095
285,002888.npy,0.23089,0.376582
286,002896.npy,0.208258,0.302968
287,002904.npy,0.209788,0.226195
288,002911.npy,0.152764,0.12432
289,002919.npy,0.263237,0.35876
290,002931.npy,0.460896,0.301794
291,002939.npy,0.264127,0.273124
292,002945.npy,0.476199,0.240097
293,002959.npy,0.264401,0.209382
294,002977.npy,0.187154,0.103599
295,003003.npy,0.083123,0.273945
296,003005.npy,0.402898,0.187957
297,003016.npy,0.60059,0.355606
298,003019.npy,0.192802,0.266737
299,003033.npy,0.380186,0.334801
300,003045.npy,0.149974,0.332113
301,003056.npy,0.334998,0.276898
302,003065.npy,0.240045,0.18693
303,003072.npy,0.243466,0.197857
304,003073.npy,0.079996,0.207248
305,003080.npy,0.225023,0.2874
306,003090.npy,0.280965,0.212616
307,003092.npy,0.188525,0.365949
308,003105.npy,0.103084,0.095031
309,003107.npy,0.098591,0.081476
310,003110.npy,0.210654,0.398526
311,003113.npy,0.367671,0.211767
312,003116.npy,0.103573,0.471194
313,003120.npy,0.070527,0.128518
314,003129.npy,0.169315,0.418919
315,003138.npy,0.402608,0.216453
316,003160.npy,0.245675,0.346905
317,003171.npy,0.170259,0.125915
318,003174.npy,0.168829,0.301787
319,003185.npy,0.433304,0.173076
