canonical_id,sample_filename,AIR-Net HF Energy,GT HF Energy,Bicubic HF Energy,HF Retention Ratio,AIR-Net Gradient Energy,GT Gradient Energy,Bicubic Gradient Energy,Gradient Retention Ratio,AIR-Net Laplacian Energy,GT Laplacian Energy,Bicubic Laplacian Energy,Laplacian Retention Ratio
0,000001.npy,0.00012708,0.00022451,0.00092187,0.566021,0.00097823,0.06769404,0.18111098,0.014451,0.00401702,0.00253859,0.00900959,1.582372
1,000021.npy,0.00015524,0.0005434,0.0010659,0.28567,0.00089604,0.10694082,0.20092066,0.008379,0.00495524,0.00598106,0.01034127,0.828488
2,000034.npy,0.00037063,0.00302611,0.00344896,0.122476,0.00101221,0.55557221,0.72557771,0.001822,0.01204103,0.03476007,0.03322792,0.346404
3,000064.npy,0.00047396,0.00172065,0.00297983,0.275451,0.00098249,0.34464985,0.54874843,0.002851,0.01540407,0.01919528,0.03152558,0.802492
4,000095.npy,5.703e-05,0.00023954,0.00032396,0.238051,0.00100977,0.03830189,0.06486385,0.026363,0.0018027,0.00389485,0.00320131,0.46284
5,000098.npy,0.00013424,0.00099446,0.00111795,0.134982,0.00098884,0.13136896,0.2233803,0.007527,0.00425279,0.01800719,0.01125124,0.236172
6,000103.npy,0.00025958,0.0006276,0.00190202,0.413602,0.0008665,0.09579019,0.31181449,0.009046,0.00837631,0.0086032,0.01922894,0.973626
7,000122.npy,0.00012691,0.00078663,0.00163949,0.161332,0.00089896,0.18748188,0.33843687,0.004795,0.00408159,0.00902321,0.01618389,0.452343
8,000130.npy,0.0001712,0.00273631,0.00252964,0.062567,0.0010217,0.53746951,0.59329188,0.001901,0.00540274,0.0295712,0.02246542,0.182703
9,000146.npy,0.00021776,0.00099273,0.0020842,0.219352,0.00088866,0.09586621,0.33514965,0.00927,0.0069847,0.01807402,0.02086125,0.386449
10,000160.npy,0.00012336,0.00057967,0.00098871,0.212812,0.00095,0.1915341,0.26176813,0.00496,0.00390832,0.00575093,0.00928689,0.679597
11,000161.npy,0.00011221,0.00038256,0.00102356,0.293312,0.00098368,0.15534717,0.26339993,0.006332,0.00354733,0.00417045,0.00979897,0.850584
12,000186.npy,8.589e-05,0.00028322,0.0006783,0.303256,0.0009128,0.08853093,0.16119269,0.010311,0.00277526,0.00361134,0.00648581,0.768481
13,000189.npy,0.00013283,0.00259412,0.00181841,0.051205,0.00103813,0.3981964,0.41659823,0.002607,0.00420305,0.03467233,0.01678039,0.121222
14,000197.npy,0.0002632,0.00072585,0.00177362,0.362611,0.00080226,0.17575979,0.35453454,0.004565,0.00849445,0.0079958,0.01742538,1.062363
15,000200.npy,0.00019845,0.00184709,0.00157637,0.10744,0.00089377,0.13270542,0.24967887,0.006735,0.00635205,0.03548632,0.01607123,0.179
16,000201.npy,0.0003362,0.00080367,0.0028331,0.418324,0.00104971,0.10249298,0.44493204,0.010242,0.01092942,0.01200703,0.02936131,0.910251
17,000202.npy,0.00032096,0.00076601,0.00267257,0.418994,0.00102857,0.10151152,0.42581373,0.010133,0.01043489,0.01099262,0.02732898,0.949263
18,000206.npy,0.00017091,0.00513612,0.00330389,0.033275,0.00115957,0.61147523,0.68793333,0.001896,0.00539832,0.07407206,0.03022671,0.072879
19,000241.npy,0.00062176,0.00117496,0.00352963,0.529173,0.00098047,0.21644658,0.54838347,0.00453,0.02025593,0.01279266,0.03918483,1.583401
20,000253.npy,0.00053294,0.00122209,0.00302735,0.436089,0.00091756,0.22040865,0.50871897,0.004163,0.01737818,0.01307806,0.0316916,1.328803
21,000262.npy,0.00010656,0.00110985,0.00123072,0.096016,0.00099876,0.19834012,0.25243181,0.005036,0.00341379,0.01166224,0.01143054,0.292721
22,000293.npy,0.00025495,0.00220082,0.00197473,0.115843,0.00085398,0.16254628,0.31726858,0.005254,0.00820597,0.04391327,0.01989003,0.186868
23,000317.npy,0.00030283,0.00243676,0.00314586,0.124276,0.00095654,0.2566939,0.54917574,0.003726,0.00974267,0.03183611,0.03083715,0.306026
24,000330.npy,7.325e-05,0.00097194,0.00086512,0.075367,0.00108963,0.19772638,0.20679222,0.005511,0.00226898,0.01024674,0.00763704,0.221434
25,000337.npy,6.629e-05,0.00015314,0.00048411,0.432843,0.0009558,0.03581953,0.09103639,0.026684,0.00205327,0.00184515,0.00482535,1.11279
26,000378.npy,0.00039867,0.00552346,0.00403461,0.072178,0.0010506,0.59386122,0.72008467,0.001769,0.01288783,0.08724403,0.0403076,0.147722
27,000379.npy,0.00042953,0.00549694,0.0045373,0.07814,0.00110252,0.59913146,0.80150247,0.00184,0.01387659,0.08625998,0.04542696,0.160869
28,000391.npy,4.767e-05,0.00022731,0.00021302,0.209717,0.00095769,0.03769448,0.04493368,0.025407,0.00153504,0.00309858,0.00202705,0.495398
29,000392.npy,0.00010711,0.00051637,0.00100035,0.207426,0.00097258,0.12272615,0.20835936,0.007925,0.00338977,0.00536856,0.00957424,0.63141
30,000397.npy,0.0006043,0.00274912,0.00430887,0.219817,0.00102711,0.25699478,0.66226673,0.003997,0.01966689,0.05326813,0.04651428,0.369205
31,000400.npy,0.00030045,0.00090978,0.00257907,0.330242,0.00105891,0.22287072,0.47192401,0.004751,0.00972429,0.00982909,0.02761357,0.989337
32,000403.npy,0.00048797,0.00107964,0.00440795,0.451968,0.00093446,0.18258107,0.71470308,0.005118,0.01585748,0.01236441,0.04466941,1.282509
33,000418.npy,0.00012546,0.00114649,0.00137589,0.109428,0.00097599,0.09238501,0.2198143,0.010564,0.00395295,0.02020264,0.0138387,0.195665
34,000452.npy,0.00019904,0.00041295,0.00134186,0.481995,0.00095056,0.10330898,0.25530529,0.009201,0.0064045,0.00462543,0.01341626,1.384625
35,000455.npy,0.00051594,0.00247105,0.00387146,0.208792,0.00088805,0.3796823,0.6757403,0.002339,0.01679171,0.03091388,0.0389172,0.543177
36,000459.npy,0.00012035,0.00307757,0.00204217,0.039106,0.00113083,0.45377484,0.4491263,0.002492,0.00375475,0.04100601,0.01906931,0.091566
37,000466.npy,0.000271,0.00210223,0.00197805,0.12891,0.00083083,0.12164224,0.31803474,0.00683,0.00873695,0.05316223,0.02000004,0.164345
38,000474.npy,0.00046036,0.00114679,0.00402959,0.401435,0.00104488,0.24409311,0.67107952,0.004281,0.01493786,0.01204581,0.04227881,1.240087
39,000488.npy,5.978e-05,0.00151867,0.00091822,0.039364,0.0009649,0.21334431,0.2094506,0.004523,0.00189952,0.02120231,0.00841411,0.08959
40,000492.npy,9.269e-05,0.00298128,0.00164391,0.031089,0.00114496,0.37914795,0.36270255,0.00302,0.00289711,0.03977057,0.01446383,0.072846
41,000502.npy,0.00028561,0.00127076,0.00273227,0.224757,0.00088731,0.23793703,0.50507545,0.003729,0.00920138,0.01439989,0.02654551,0.638989
42,000540.npy,0.00051414,0.00127601,0.00314993,0.402923,0.00083952,0.23407294,0.53636515,0.003587,0.01675548,0.01506734,0.03224283,1.112039
43,000562.npy,0.00027017,0.00362424,0.00338532,0.074545,0.00098623,0.39970547,0.62680399,0.002467,0.00869359,0.05346926,0.03266256,0.16259
44,000563.npy,0.00026067,0.00363656,0.00265455,0.071681,0.00094117,0.38660169,0.51960278,0.002434,0.00841136,0.05486245,0.02520923,0.153317
45,000586.npy,0.00015169,0.00152213,0.00147725,0.099658,0.00095199,0.11491448,0.24248156,0.008284,0.00479992,0.02956189,0.01457072,0.162368
46,000600.npy,0.00022186,0.00040362,0.00169848,0.549653,0.00093447,0.12113131,0.32442102,0.007715,0.00718773,0.00444056,0.01706417,1.618652
47,000608.npy,0.00017834,0.0023572,0.00222731,0.075658,0.00108716,0.33634993,0.43454862,0.003232,0.00570618,0.02880376,0.02074655,0.198105
48,000623.npy,0.00024996,0.00328974,0.00273663,0.075981,0.00088386,0.38382781,0.52205908,0.002303,0.00801927,0.04186656,0.02547151,0.191544
49,000627.npy,0.00023724,0.06393012,0.0134342,0.003711,0.00200289,2.04575682,2.15551615,0.000979,0.00715632,1.68495417,0.1311745,0.004247
50,000640.npy,0.00023118,0.00153622,0.00254936,0.150486,0.00102554,0.2191886,0.44733644,0.004679,0.00740828,0.02167266,0.02548528,0.341826
51,000641.npy,0.00027371,0.00600164,0.00365434,0.045606,0.00096347,0.44165373,0.58125818,0.002182,0.00877941,0.10342124,0.03613619,0.08489
52,000646.npy,0.00028964,0.00173277,0.00233772,0.167151,0.00084067,0.24947485,0.42659962,0.00337,0.00935766,0.02213978,0.02265516,0.422663
53,000648.npy,0.00027189,0.00223003,0.00299215,0.121923,0.00092506,0.53415006,0.67853743,0.001732,0.00873745,0.02067091,0.02755361,0.422693
54,000659.npy,0.00036407,0.00365974,0.00429893,0.09948,0.0009728,0.70072383,0.94250357,0.001388,0.01174425,0.03836481,0.04032659,0.30612
55,000663.npy,0.00037331,0.00082771,0.00335107,0.451015,0.00103712,0.1174138,0.53057086,0.008833,0.01214384,0.01138304,0.03423472,1.066836
56,000683.npy,0.00014555,0.00106716,0.00158595,0.136388,0.00090935,0.28259486,0.3836377,0.003218,0.00470668,0.01134681,0.01500029,0.414801
57,000698.npy,0.00054305,0.00125562,0.00379647,0.432496,0.00097327,0.24599323,0.6415419,0.003956,0.01766753,0.01472945,0.03970636,1.199469
58,000702.npy,6.651e-05,0.00150235,0.00061783,0.04427,0.00114709,0.09268619,0.10708455,0.012376,0.00204191,0.03169175,0.00609708,0.06443
59,000709.npy,4.564e-05,0.00010834,0.00017466,0.421261,0.00097435,0.04573828,0.05925019,0.021303,0.00149416,0.00115691,0.00156601,1.291501
60,000747.npy,0.00028346,0.00076928,0.00175726,0.368467,0.00077996,0.09585631,0.28448397,0.008137,0.00917802,0.01266387,0.01776914,0.72474
61,000763.npy,0.00024658,0.00369434,0.00244862,0.066745,0.00092251,0.20586446,0.3997224,0.004481,0.00789677,0.08232036,0.02440233,0.095927
62,000766.npy,0.00011063,0.00087536,0.00096472,0.12638,0.00100975,0.12095583,0.19616325,0.008348,0.00357059,0.01290478,0.00904282,0.276687
63,000769.npy,0.00015418,0.00057434,0.00098241,0.26845,0.00089371,0.11505586,0.19686675,0.007768,0.00488142,0.00680161,0.00964116,0.717686
64,000775.npy,0.00012446,0.00047275,0.00132108,0.26326,0.001014,0.0822476,0.23233104,0.012329,0.0039823,0.00650707,0.013205,0.611996
65,000779.npy,0.00033757,0.00430625,0.00350951,0.07839,0.00089778,0.49334019,0.62648582,0.00182,0.01093248,0.05033382,0.03272983,0.217199
66,000791.npy,0.00016164,0.00036439,0.00115314,0.443572,0.00078803,0.06876723,0.19825375,0.011459,0.00528235,0.00430602,0.01158058,1.226734
67,000795.npy,0.00011986,0.00100625,0.00116511,0.119119,0.00102308,0.16487822,0.23135792,0.006205,0.00374354,0.01242002,0.011086,0.301411
68,000804.npy,0.00016147,0.00536883,0.00320776,0.030074,0.00115974,0.53263664,0.61642039,0.002177,0.00508067,0.09124178,0.03024093,0.055684
69,000815.npy,0.0001257,0.00333064,0.00199558,0.037741,0.0010974,0.37954587,0.41002485,0.002891,0.00396782,0.05247335,0.0186316,0.075616
70,000835.npy,0.00015233,0.00272108,0.00197059,0.05598,0.00100624,0.43747035,0.4734543,0.0023,0.00488465,0.03483461,0.01801977,0.140224
71,000854.npy,0.00018107,0.00436021,0.0023669,0.041529,0.00111713,0.3883124,0.43856522,0.002877,0.00572643,0.07652216,0.02283517,0.074834
72,000860.npy,0.00010308,0.00104657,0.00123242,0.098489,0.00100638,0.22621757,0.28539222,0.004449,0.00331513,0.0116056,0.01199305,0.285649
73,000863.npy,0.00037254,0.00117439,0.00352534,0.317216,0.00097743,0.24040043,0.62027764,0.004066,0.01204534,0.01338882,0.03584973,0.899656
74,000870.npy,0.00022692,0.00284044,0.0020874,0.079888,0.00085105,0.17109969,0.3407549,0.004974,0.00727272,0.06285588,0.02068294,0.115705
75,000877.npy,8.798e-05,0.00022996,0.0007264,0.382567,0.00093836,0.03531176,0.11815425,0.026573,0.00275442,0.00306995,0.00731279,0.897216
76,000878.npy,8.885e-05,0.00022538,0.00052154,0.394187,0.00089425,0.03474388,0.08732287,0.025738,0.00279883,0.00302246,0.00524087,0.926005
77,000880.npy,0.00024514,0.00120783,0.00181187,0.202953,0.000884,0.11826072,0.29244775,0.007475,0.00789218,0.02073941,0.01824481,0.38054
78,000955.npy,0.00020179,0.00066207,0.00179409,0.304783,0.00087797,0.08160577,0.28974491,0.010759,0.00647681,0.01041051,0.01804646,0.622141
79,000956.npy,0.00020683,0.00305156,0.00276182,0.067779,0.00102091,0.50272989,0.54910815,0.002031,0.00658404,0.03085382,0.0255464,0.213395
80,000960.npy,0.0001258,0.00020627,0.00067198,0.609866,0.00089214,0.03710434,0.1122947,0.024044,0.00394288,0.00235569,0.0067087,1.67376
81,000972.npy,0.00026769,0.00090222,0.00188267,0.296693,0.00105691,0.19686639,0.34691089,0.005369,0.00866021,0.00969592,0.02010142,0.893181
82,000975.npy,9.437e-05,0.00060847,0.00085116,0.155087,0.00100299,0.12983179,0.18559353,0.007725,0.00297032,0.00739331,0.00829963,0.401757
83,000995.npy,0.00024036,0.00082333,0.00159263,0.291928,0.00080017,0.09883884,0.25712243,0.008096,0.00774566,0.01302359,0.01610279,0.59474
84,001016.npy,0.00014753,0.00139442,0.00154113,0.1058,0.00099169,0.24302709,0.33405739,0.004081,0.00469275,0.01718193,0.0144893,0.273121
85,001020.npy,0.00012864,0.00200285,0.00182059,0.064226,0.00105043,0.33504933,0.39976901,0.003135,0.00403908,0.02517444,0.01680109,0.160444
86,001021.npy,7.714e-05,0.00188708,0.00124621,0.04088,0.00113511,0.22449386,0.25019705,0.005056,0.0023783,0.02847129,0.0116403,0.083533
87,001028.npy,0.00019429,0.00097782,0.00161096,0.198694,0.00092077,0.2438764,0.36914185,0.003776,0.00624668,0.01109271,0.01544635,0.563133
88,001038.npy,0.00033761,0.00204011,0.00290024,0.165487,0.00085393,0.32512417,0.54507726,0.002626,0.01092358,0.02315694,0.02780073,0.471719
89,001051.npy,0.00051675,0.00132432,0.00297876,0.390196,0.00089483,0.25674725,0.51841831,0.003485,0.01684389,0.01469246,0.03109131,1.14643
90,001059.npy,0.00026267,0.00353626,0.0028318,0.074279,0.0009188,0.4747023,0.57574606,0.001936,0.00842542,0.05140384,0.02698348,0.163906
91,001076.npy,0.00025651,0.00254293,0.00264571,0.100871,0.00089259,0.37705067,0.52369559,0.002367,0.00823297,0.03349553,0.02490614,0.245793
92,001082.npy,0.00031577,0.00067466,0.00176569,0.468034,0.00078551,0.10922682,0.28802973,0.007192,0.01023623,0.00808221,0.01820455,1.266512
93,001095.npy,6.059e-05,8.104e-05,0.00021252,0.747514,0.0009648,0.02135481,0.0461991,0.04518,0.0019548,0.00142234,0.00213134,1.374341
94,001129.npy,0.00016408,0.00038892,0.00135727,0.421877,0.00089939,0.10332346,0.25926471,0.008705,0.0052448,0.00418471,0.01335753,1.253321
95,001130.npy,0.00016205,0.00039064,0.00106399,0.414836,0.00087226,0.09490284,0.20774196,0.009191,0.00518679,0.00424291,0.01047776,1.222458
96,001136.npy,0.00010893,0.00159306,0.00172565,0.068375,0.0011231,0.39400101,0.4419325,0.002851,0.00344483,0.01495204,0.01503365,0.230392
97,001147.npy,0.00020301,0.00179331,0.00246211,0.113205,0.00099196,0.3918888,0.56024754,0.002531,0.00645751,0.01914215,0.02287893,0.337345
98,001152.npy,0.00027538,0.00435742,0.0038628,0.063197,0.00110302,0.69558406,0.8112942,0.001586,0.00883825,0.04880576,0.03641698,0.18109
99,001153.npy,0.00020972,0.00159056,0.00191134,0.131854,0.00100983,0.27650875,0.38797748,0.003652,0.00673975,0.01771401,0.0182842,0.380475
100,001154.npy,0.00024304,0.00162603,0.00236933,0.149467,0.00101481,0.26984721,0.44405717,0.003761,0.00781101,0.01820647,0.02306097,0.429024
101,001158.npy,9.527e-05,0.00108088,0.0008469,0.088141,0.0011103,0.05847609,0.14056143,0.018987,0.00302655,0.0244058,0.00836577,0.12401
102,001162.npy,0.0003662,0.00084102,0.0023364,0.435421,0.00081854,0.13462566,0.38590923,0.00608,0.0118902,0.01081118,0.02363633,1.099805
103,001180.npy,0.0001258,0.00271791,0.00203162,0.046286,0.00102011,0.42062587,0.45155483,0.002425,0.00394107,0.03516143,0.01854844,0.112085
104,001183.npy,0.00019717,0.00166487,0.00214707,0.118429,0.00095738,0.26698273,0.41147768,0.003586,0.00626383,0.02014248,0.02054526,0.310976
105,001184.npy,0.0002703,0.00200198,0.00245024,0.135014,0.00094095,0.33950669,0.48155636,0.002772,0.00870088,0.0250417,0.02355811,0.347455
106,001215.npy,0.00024858,0.0059787,0.00372358,0.041578,0.00102577,0.81931597,0.79976094,0.001252,0.00800254,0.07449636,0.03368669,0.107422
107,001218.npy,6.604e-05,0.0012107,0.00092882,0.054544,0.00107093,0.15081911,0.18445724,0.007101,0.00206901,0.01792594,0.00883914,0.11542
108,001238.npy,5.83e-05,0.00044943,0.000479,0.129713,0.0010686,0.1042631,0.12175226,0.010249,0.00182629,0.00467328,0.0042161,0.390792
109,001257.npy,0.00030529,0.00061619,0.00259077,0.495438,0.00080937,0.10131166,0.42324913,0.007989,0.00986828,0.00703318,0.02568386,1.403102
110,001267.npy,0.0001208,0.00067453,0.00134708,0.179091,0.00089071,0.14507532,0.25792754,0.00614,0.00388071,0.00743483,0.01378024,0.521963
111,001275.npy,0.00010122,0.0007551,0.00103131,0.134042,0.00092415,0.20367087,0.26183194,0.004537,0.00324638,0.00780365,0.00952705,0.416007
112,001282.npy,9.263e-05,0.00463994,0.00188425,0.019963,0.00120737,0.27574432,0.3216176,0.004379,0.00281437,0.09856986,0.01820077,0.028552
113,001291.npy,5.891e-05,0.00378016,0.00195134,0.015585,0.00117725,0.45612842,0.39868587,0.002581,0.00185673,0.05213957,0.01764528,0.035611
114,001294.npy,5.228e-05,0.00066474,0.00046022,0.078641,0.00111779,0.10837162,0.11407078,0.010314,0.00161132,0.00922534,0.00416879,0.174662
115,001297.npy,0.00031108,0.00074795,0.00242568,0.415899,0.00086067,0.14645803,0.40972289,0.005877,0.01004961,0.0082283,0.02486487,1.221345
116,001300.npy,0.00022394,0.00047199,0.00199127,0.474455,0.00091694,0.09569255,0.33586526,0.009582,0.00724632,0.00509427,0.01975723,1.422443
117,001306.npy,0.00045049,0.00406509,0.00411937,0.110819,0.00088312,0.53235626,0.73020267,0.001659,0.01463361,0.04561079,0.03978615,0.320837
118,001327.npy,9.266e-05,0.00333586,0.001871,0.027776,0.00107133,0.44833723,0.43054077,0.00239,0.00294641,0.0441043,0.01634565,0.066806
119,001354.npy,0.00022017,0.00081152,0.00198204,0.271307,0.00090084,0.10955185,0.32915834,0.008223,0.00705517,0.01192317,0.01982705,0.591718
120,001363.npy,0.00023099,0.00321336,0.00207053,0.071885,0.00090718,0.20649436,0.33313492,0.004393,0.00738982,0.06556065,0.02064925,0.112717
121,001367.npy,0.00022481,0.00286977,0.00210832,0.078338,0.00091666,0.2674422,0.36997113,0.003428,0.00720427,0.04517135,0.02043164,0.159488
122,001369.npy,0.00021702,0.00337385,0.00267893,0.064325,0.00097787,0.47465029,0.55282652,0.00206,0.00690251,0.04150753,0.02455111,0.166295
123,001390.npy,0.00026368,0.00055108,0.00138291,0.478472,0.00079018,0.06786688,0.22565666,0.011643,0.00854989,0.00792345,0.01392621,1.079061
124,001400.npy,9.352e-05,0.000587,0.0007433,0.159321,0.00098432,0.12167813,0.16323906,0.00809,0.00293318,0.006217,0.00691608,0.471799
125,001408.npy,4.853e-05,0.0004493,0.00044607,0.108002,0.00083007,0.06481931,0.08925056,0.012806,0.00163302,0.00695783,0.0044954,0.234702
126,001415.npy,0.00026954,0.00540823,0.00414147,0.049838,0.00111376,0.8330462,0.90578353,0.001337,0.00863139,0.07040999,0.03859014,0.122588
127,001434.npy,0.00061317,0.00097279,0.00253624,0.630319,0.00087856,0.17562956,0.3986659,0.005002,0.02003282,0.01063303,0.0281258,1.884016
128,001438.npy,0.00015584,0.00068479,0.00134525,0.227569,0.0009235,0.14717823,0.26833531,0.006275,0.00496416,0.00776382,0.01293804,0.639396
129,001439.npy,0.00014557,0.00075732,0.00112205,0.19222,0.00090454,0.16110374,0.24156231,0.005615,0.00464351,0.00858722,0.01075932,0.540746
130,001443.npy,0.00015571,0.00081683,0.00165667,0.190626,0.00098515,0.17140517,0.33548409,0.005747,0.0049247,0.00991488,0.01580219,0.496697
131,001445.npy,4.287e-05,0.00057063,0.00048337,0.075129,0.00083862,0.15097083,0.15445551,0.005555,0.0014735,0.00593013,0.00399339,0.248477
132,001478.npy,0.00010053,0.00077205,0.00107476,0.130206,0.0010049,0.17874929,0.24810494,0.005622,0.00320574,0.00854506,0.00988756,0.375157
133,001479.npy,9.42e-05,0.00074154,0.00085632,0.127028,0.00097997,0.16593656,0.20457394,0.005906,0.00299633,0.00825898,0.00790686,0.362797
134,001482.npy,0.0004843,0.00108581,0.0028444,0.446027,0.00084675,0.25627276,0.53718913,0.003304,0.01576769,0.01187933,0.02908363,1.32732
135,001484.npy,0.00031982,0.00074478,0.00277558,0.429403,0.00096975,0.16025129,0.47410142,0.006051,0.0103531,0.00815849,0.02867315,1.268995
136,001485.npy,0.00036143,0.0007372,0.00325712,0.490262,0.00103628,0.13861281,0.51946044,0.007476,0.01176848,0.00812747,0.03363669,1.447987
137,001495.npy,0.00024617,0.0007189,0.00222637,0.342417,0.00085082,0.15738237,0.39124501,0.005406,0.00804404,0.00734559,0.0227849,1.095083
138,001496.npy,0.00030674,0.00115691,0.00218577,0.265133,0.00092467,0.22602552,0.40101096,0.004091,0.00998363,0.01447056,0.02255192,0.689926
139,001500.npy,0.00019693,0.00095808,0.00133391,0.20554,0.00088396,0.09273621,0.22909299,0.009532,0.00631285,0.01879396,0.01317525,0.335898
140,001515.npy,4.923e-05,0.0020195,0.0009392,0.024378,0.00107761,0.21209434,0.18614154,0.005081,0.00158445,0.03214922,0.00876526,0.049284
141,001520.npy,0.00027646,0.00074907,0.00239531,0.369068,0.00086937,0.17584515,0.44550672,0.004944,0.00893197,0.00836746,0.02366521,1.067463
142,001522.npy,0.00016148,0.00043455,0.00097358,0.371606,0.00091018,0.10539851,0.20736979,0.008636,0.00516806,0.00576782,0.00961359,0.896015
143,001527.npy,0.00010468,0.00017017,0.00071421,0.61509,0.00092828,0.03134691,0.12141559,0.029613,0.00332232,0.00234029,0.00729922,1.419615
144,001528.npy,0.00023815,0.00231905,0.00308944,0.102692,0.00100866,0.45665085,0.62212533,0.002209,0.00760376,0.02082092,0.02779363,0.365198
145,001529.npy,0.00010355,0.00054889,0.00069814,0.188649,0.00097654,0.06950197,0.12891707,0.014051,0.00326343,0.00848738,0.00677766,0.384503
146,001534.npy,7.176e-05,0.00133821,0.000949,0.053626,0.00115815,0.19855982,0.20247333,0.005833,0.00218589,0.01511364,0.00828827,0.14463
147,001570.npy,6.26e-05,0.00103795,0.00053823,0.060309,0.00115618,0.07352458,0.09389527,0.015725,0.00192571,0.0203293,0.00533762,0.094726
148,001579.npy,4.004e-05,0.0002749,0.00025666,0.145634,0.00087051,0.06145509,0.06335744,0.014165,0.00131263,0.00270395,0.00218301,0.485448
149,001585.npy,0.00017336,0.00329551,0.00214021,0.052605,0.00101509,0.43003839,0.45474449,0.00236,0.00551893,0.04733714,0.01995469,0.116588
150,001589.npy,0.00016002,0.00394312,0.00284003,0.040582,0.00108616,0.64383578,0.68172693,0.001687,0.00507823,0.04837601,0.02548072,0.104974
151,001597.npy,0.00040368,0.00160169,0.00255787,0.252029,0.00099746,0.19772133,0.41758639,0.005045,0.01308398,0.02460825,0.02689621,0.531691
152,001603.npy,8.615e-05,0.00145908,0.0012512,0.059044,0.00112013,0.23649836,0.27833873,0.004736,0.00266282,0.01688487,0.01094964,0.157705
153,001631.npy,0.00013712,0.00089675,0.00118025,0.152911,0.00093923,0.24224892,0.32037473,0.003877,0.00435581,0.00992291,0.01069234,0.438965
154,001634.npy,0.00022921,0.00105773,0.00167121,0.216693,0.00082678,0.1065385,0.28102946,0.00776,0.00738148,0.02057659,0.01677352,0.358732
155,001636.npy,0.00039975,0.00587878,0.00516222,0.067999,0.00116237,0.96887934,1.07547545,0.0012,0.0128973,0.0672641,0.04974444,0.191741
156,001638.npy,7.662e-05,0.0046934,0.00254368,0.016325,0.00116008,0.57641011,0.54159546,0.002013,0.00237,0.06859036,0.02325471,0.034553
157,001643.npy,5.248e-05,0.00026449,0.00029682,0.198417,0.00107484,0.04014545,0.05578581,0.026774,0.00160208,0.00333123,0.00288511,0.480925
158,001648.npy,0.00023692,0.00341881,0.00284148,0.069298,0.00100216,0.56047201,0.62648261,0.001788,0.00756601,0.0438366,0.02655418,0.172596
159,001661.npy,0.00032042,0.00069184,0.00210179,0.463132,0.00084041,0.22128341,0.44779778,0.003798,0.01039015,0.00736677,0.02112506,1.410406
160,001663.npy,0.00032071,0.00068813,0.00284261,0.466058,0.00092596,0.22043934,0.55373538,0.004201,0.01037161,0.00732734,0.02884365,1.415467
161,001678.npy,9.225e-05,0.00097747,0.00087136,0.094371,0.00102096,0.12603772,0.16670105,0.0081,0.0029065,0.01323672,0.00818105,0.219578
162,001682.npy,0.00014748,0.00089809,0.00153203,0.164216,0.00091635,0.31373268,0.42016977,0.002921,0.00467211,0.00860414,0.0145763,0.543006
163,001685.npy,0.00041891,0.00093534,0.00319851,0.447867,0.00103798,0.17813584,0.51256794,0.005827,0.0135832,0.01028219,0.03443063,1.32104
164,001695.npy,0.00013897,0.00187361,0.00189714,0.074171,0.0010581,0.3771607,0.45331749,0.002805,0.00444947,0.02124475,0.01760826,0.209438
165,001696.npy,0.00013089,0.00100581,0.00135799,0.130133,0.00083537,0.18364534,0.27809834,0.004549,0.00429144,0.01259943,0.01365111,0.340606
166,001698.npy,5.977e-05,0.00092024,0.00044691,0.064954,0.00115411,0.05639874,0.07443255,0.020463,0.00183779,0.0190078,0.00438769,0.096686
167,001704.npy,0.00024873,0.00164425,0.00220012,0.151273,0.000947,0.31975624,0.46423948,0.002962,0.00798136,0.02032941,0.02134249,0.392602
168,001707.npy,0.0002487,0.00043191,0.00168678,0.575805,0.00083204,0.07837266,0.28075922,0.010616,0.00804148,0.00502752,0.01684155,1.59949
169,001722.npy,0.00016333,0.00105565,0.00152567,0.154715,0.00099542,0.24146414,0.34781411,0.004122,0.00518354,0.01151636,0.01410932,0.450102
170,001733.npy,9.301e-05,0.00040034,0.00082615,0.232329,0.00099307,0.05827063,0.13838616,0.017042,0.00298784,0.0055202,0.00848489,0.541255
171,001734.npy,6.692e-05,0.00036041,0.00056931,0.185684,0.00103484,0.04983119,0.09719635,0.020767,0.00212418,0.00504122,0.00577147,0.421361
172,001751.npy,0.0003602,0.00161065,0.00257985,0.223638,0.00087285,0.24760842,0.45665932,0.003525,0.01164592,0.01947064,0.02594125,0.598127
173,001757.npy,0.00013185,0.00029142,0.00090112,0.452419,0.00091822,0.06109546,0.16388386,0.015029,0.00420878,0.00365883,0.00895026,1.150304
174,001759.npy,0.0001462,0.0003428,0.00107964,0.426466,0.00090902,0.06916569,0.19360815,0.013143,0.00467002,0.00422265,0.0107096,1.105942
175,001768.npy,0.00044446,0.00086956,0.00322376,0.511128,0.000868,0.15616675,0.52976835,0.005558,0.01444904,0.00967563,0.03244803,1.493343
176,001787.npy,0.00035482,0.00198461,0.00249208,0.178786,0.00095812,0.45047319,0.56468236,0.002127,0.01149691,0.02215551,0.02437558,0.518919
177,001794.npy,0.00041216,0.00439289,0.00501709,0.093824,0.00108898,0.60705459,0.9518671,0.001794,0.01329689,0.06376991,0.04928882,0.208514
178,001796.npy,5.596e-05,0.00049023,0.00043625,0.114142,0.00112522,0.09682626,0.10086435,0.011621,0.00174556,0.00539486,0.003979,0.32356
179,001802.npy,0.00012654,0.00037892,0.00102465,0.333932,0.00086648,0.06149599,0.16874936,0.01409,0.00402601,0.0045317,0.01036833,0.888408
180,001806.npy,0.00022128,0.0013124,0.0024275,0.168605,0.00093691,0.27441615,0.49219552,0.003414,0.00708748,0.01491222,0.02303298,0.47528
181,001819.npy,0.00013152,0.00048475,0.00087794,0.271308,0.0009348,0.07545049,0.16768914,0.01239,0.00427816,0.00807811,0.00879655,0.529598
182,001843.npy,0.00011056,0.00061404,0.00106197,0.180056,0.00097354,0.10093472,0.20110333,0.009645,0.0035746,0.00735362,0.01023297,0.4861
183,001853.npy,0.00026701,0.00073037,0.00186743,0.365575,0.00092079,0.15433273,0.33916286,0.005966,0.00858178,0.00819517,0.01886205,1.047174
184,001863.npy,0.000247,0.00096969,0.00197173,0.254719,0.00088491,0.10208648,0.319677,0.008668,0.00796609,0.01654183,0.0197905,0.481572
185,001881.npy,0.00031521,0.00119881,0.00276064,0.262931,0.00086566,0.30313936,0.56251109,0.002856,0.01017513,0.01302288,0.027001,0.781327
186,001884.npy,0.00058076,0.00112806,0.00400512,0.514826,0.0009507,0.19425774,0.64306223,0.004894,0.0189066,0.01245357,0.04214014,1.518166
187,001895.npy,0.00021565,0.00227563,0.00213397,0.094766,0.00094113,0.29591966,0.40512741,0.00318,0.00689871,0.03654561,0.02137389,0.18877
188,001899.npy,0.00025599,0.00180685,0.00233632,0.141674,0.00088517,0.12694421,0.37757796,0.006973,0.00822618,0.03928914,0.02329114,0.209375
189,001919.npy,0.00011353,0.00174195,0.00141337,0.065173,0.00111813,0.29595765,0.31303704,0.003778,0.00355473,0.02084254,0.01320787,0.170552
190,001923.npy,0.00033165,0.00247637,0.00271299,0.133927,0.00090592,0.35817674,0.50396812,0.002529,0.01074798,0.03215293,0.02681989,0.334277
191,001930.npy,0.00013791,0.00199508,0.00208233,0.069122,0.00108978,0.29913512,0.41428679,0.003643,0.0043079,0.02645049,0.01948065,0.162866
192,001955.npy,3.601e-05,0.00041706,0.0002738,0.086332,0.00077362,0.06909818,0.06737417,0.011196,0.00125087,0.00538696,0.00257821,0.232202
193,001959.npy,0.00020207,0.00102974,0.00144473,0.196227,0.00095517,0.10362765,0.23805262,0.009217,0.00651712,0.01874617,0.01460818,0.34765
194,001969.npy,0.00038009,0.00101384,0.00221222,0.374901,0.00078797,0.12775892,0.35610747,0.006168,0.01235745,0.01485411,0.02231567,0.831921
195,001981.npy,0.00035215,0.00149619,0.00332961,0.235362,0.00105404,0.47291267,0.74736583,0.002229,0.01135333,0.01477267,0.03295299,0.768536
196,001986.npy,0.00034738,0.0007325,0.00232694,0.474237,0.00079361,0.14782728,0.40452564,0.005368,0.01126468,0.00824548,0.02343337,1.366162
197,001998.npy,9.453e-05,0.00070237,0.00083206,0.134587,0.00093985,0.20510639,0.25869423,0.004582,0.00296115,0.00944378,0.00732745,0.313555
198,002027.npy,0.00028032,0.00123114,0.00297535,0.227689,0.00090843,0.2148402,0.52382648,0.004228,0.00902472,0.01393316,0.02885858,0.647715
199,002038.npy,0.00030847,0.0022397,0.00308376,0.137726,0.00101175,0.16355422,0.49433178,0.006186,0.00999306,0.04572761,0.03116051,0.218534
200,002041.npy,0.00045345,0.01258742,0.00688846,0.036024,0.0012244,1.16706729,1.17136693,0.001049,0.01460156,0.2060051,0.06982961,0.07088
201,002047.npy,0.00025382,0.00324147,0.00341342,0.078302,0.00098424,0.33372837,0.59713113,0.002949,0.00810571,0.06110188,0.03391099,0.132659
202,002049.npy,5.585e-05,0.00024452,0.00039197,0.228408,0.00106712,0.05145913,0.08329034,0.020737,0.00175254,0.00282069,0.00368526,0.621314
203,002056.npy,8.609e-05,0.00086304,0.00100233,0.099747,0.00104509,0.22459573,0.26202095,0.004653,0.0027715,0.00800415,0.0089562,0.346257
204,002061.npy,0.00024624,0.00076329,0.00210731,0.3226,0.00083956,0.14613634,0.37377885,0.005745,0.00792454,0.00887212,0.02065896,0.893195
205,002062.npy,0.00024141,0.00086038,0.00239449,0.280581,0.0008914,0.15908334,0.41670698,0.005603,0.00774329,0.00995764,0.02352548,0.777623
206,002068.npy,0.00017845,0.00227131,0.00193542,0.078567,0.00096134,0.3046051,0.38993281,0.003156,0.00566785,0.03182192,0.01830498,0.178112
207,002088.npy,0.00015435,0.00235524,0.00178916,0.065534,0.00103696,0.32769412,0.38220942,0.003164,0.00491247,0.03358897,0.01678804,0.146252
208,002101.npy,0.00027138,0.00073289,0.00252342,0.370278,0.00100431,0.21138205,0.50309819,0.004751,0.00877425,0.00782847,0.02481517,1.120811
209,002135.npy,0.00017224,0.00389866,0.00240497,0.044179,0.00102151,0.45780811,0.48085594,0.002231,0.00544266,0.05787449,0.02255344,0.094042
210,002139.npy,0.00024364,0.00107872,0.0021244,0.22586,0.00098825,0.29182383,0.47853428,0.003386,0.00787894,0.011407,0.02046363,0.690711
211,002146.npy,0.00022184,0.00276828,0.00258302,0.080135,0.00091956,0.3691543,0.48099703,0.002491,0.00708452,0.0361866,0.0243661,0.195778
212,002160.npy,0.00019532,0.00179403,0.0020247,0.108869,0.00096018,0.21913131,0.36662483,0.004382,0.00624024,0.02530857,0.0193813,0.246566
213,002169.npy,0.00037038,0.00075903,0.00227233,0.48796,0.00099458,0.21298182,0.43002245,0.00467,0.01204065,0.00761809,0.02438114,1.580532
214,002182.npy,0.00033771,0.00107303,0.00258988,0.314723,0.00085554,0.30963385,0.55990279,0.002763,0.01093215,0.01141892,0.02549029,0.957371
215,002191.npy,0.00041129,0.00273834,0.00290349,0.150196,0.00090718,0.33122617,0.52363908,0.002739,0.01335788,0.04206548,0.02935379,0.31755
216,002198.npy,6.02e-05,0.0002999,0.00047303,0.200721,0.00105779,0.07418972,0.11307327,0.014258,0.00190622,0.00360657,0.00439012,0.52854
217,002199.npy,4.841e-05,0.00025777,0.00030679,0.187792,0.00099702,0.06177316,0.07861724,0.01614,0.00158021,0.00312447,0.00283669,0.505749
218,002200.npy,0.00030199,0.00215352,0.0034138,0.140232,0.00096625,0.27929837,0.60126448,0.00346,0.00972127,0.03170443,0.03348488,0.306622
219,002214.npy,5.045e-05,0.00028201,0.00023352,0.178895,0.00115292,0.04717551,0.05104051,0.024439,0.00157288,0.00347654,0.00210288,0.452425
220,002235.npy,0.00054947,0.00119401,0.00381268,0.460183,0.00093313,0.25323087,0.64216536,0.003685,0.01788474,0.01264503,0.03986391,1.414368
221,002237.npy,0.00017306,0.00363592,0.00248818,0.047598,0.00119792,0.53904557,0.55622458,0.002222,0.00552529,0.04797852,0.02332427,0.115162
222,002253.npy,0.00036252,0.00246571,0.00303546,0.147026,0.0009551,0.52206385,0.72191626,0.001829,0.01169592,0.03605939,0.02927559,0.324351
223,002255.npy,0.00036611,0.00246239,0.00353535,0.148682,0.00099304,0.52449691,0.80243248,0.001893,0.01179881,0.03591875,0.03450318,0.328486
224,002264.npy,0.00043485,0.00691791,0.00591363,0.062858,0.00096793,1.60859919,1.56242669,0.000602,0.01404429,0.0609809,0.05120903,0.230306
225,002267.npy,6.67e-05,0.0020902,0.00132822,0.031911,0.00109665,0.41030997,0.38606051,0.002673,0.00209746,0.02243683,0.01075301,0.093483
226,002278.npy,0.00028755,0.00153549,0.00214453,0.187269,0.00086261,0.15706804,0.35169894,0.005492,0.00929836,0.02663236,0.02167957,0.349138
227,002294.npy,0.0001056,0.00260379,0.00149219,0.040557,0.00102107,0.46490797,0.44200629,0.002196,0.00334744,0.03087505,0.0121742,0.108419
228,002300.npy,0.00035091,0.00155668,0.00256425,0.225421,0.00085021,0.25170916,0.46459997,0.003378,0.01137224,0.01964348,0.02530035,0.578932
229,002301.npy,0.00017508,0.00059293,0.001647,0.295277,0.00095421,0.09703833,0.27138439,0.009833,0.00556854,0.00746688,0.01669899,0.745765
230,002317.npy,0.00043596,0.0068564,0.00714226,0.063584,0.00117349,0.99952984,1.26597357,0.001174,0.01404392,0.07806969,0.06928203,0.17989
231,002324.npy,0.0003629,0.00075258,0.00218307,0.482201,0.00087913,0.1568791,0.3777059,0.005604,0.01178909,0.0080823,0.02230028,1.458629
232,002327.npy,0.0004376,0.00061985,0.00251043,0.705975,0.00084327,0.13931473,0.43314135,0.006053,0.01423931,0.00684782,0.02569758,2.07939
233,002336.npy,0.00033989,0.00504978,0.00382245,0.067309,0.00109487,0.68917584,0.76367122,0.001589,0.01094754,0.06865588,0.03683328,0.159455
234,002343.npy,0.00030163,0.00065924,0.00195817,0.457543,0.00076331,0.12910412,0.34078628,0.005912,0.00976954,0.00763105,0.01952994,1.280233
235,002363.npy,0.00015937,0.00251059,0.0020991,0.063479,0.00107732,0.45814094,0.49170721,0.002351,0.00509724,0.02853277,0.01923432,0.178645
236,002385.npy,0.00035262,0.00444987,0.00374097,0.079243,0.00093488,0.34174779,0.63066167,0.002736,0.01144012,0.06421364,0.03590931,0.178157
237,002391.npy,0.00050197,0.00204017,0.00389609,0.246045,0.00093016,0.29455328,0.65667313,0.003158,0.01632168,0.02558098,0.03970376,0.638039
238,002393.npy,0.00022967,0.00723362,0.00405235,0.03175,0.00110052,0.91983652,0.87502784,0.001196,0.0073598,0.08780155,0.03539974,0.083823
239,002432.npy,0.00056619,0.0013267,0.00337524,0.426757,0.00101699,0.22635415,0.56251794,0.004493,0.01842689,0.01549142,0.03598562,1.189489
240,002433.npy,0.00010158,0.00112098,0.00099447,0.090618,0.00094847,0.16476339,0.20567375,0.005757,0.00323178,0.01389513,0.00939092,0.232583
241,002435.npy,0.00013281,0.00130471,0.00162067,0.101789,0.00097864,0.19782612,0.31660879,0.004947,0.00422552,0.01631426,0.01545393,0.259008
242,002449.npy,9.537e-05,0.00039213,0.0007111,0.243197,0.00105809,0.08516665,0.14889701,0.012424,0.00299174,0.00489916,0.00687126,0.610662
243,002450.npy,9.487e-05,0.00038576,0.0007447,0.245914,0.00108452,0.08443828,0.15434712,0.012844,0.00296647,0.0048134,0.00720363,0.616292
244,002454.npy,0.00022244,0.00071222,0.00220736,0.31232,0.00093266,0.23853384,0.47607791,0.00391,0.00711936,0.00678671,0.02094996,1.049014
245,002489.npy,0.00036707,0.00101883,0.00302625,0.360282,0.00087799,0.13527888,0.49214351,0.00649,0.0118876,0.01552918,0.03048733,0.7655
246,002511.npy,0.00046617,0.00433499,0.00483684,0.107536,0.00104964,0.41017801,0.78045917,0.002559,0.01508637,0.0711412,0.04971433,0.212062
247,002520.npy,8.604e-05,0.00117055,0.00096509,0.073501,0.00101607,0.16547972,0.20241055,0.00614,0.00272595,0.01512042,0.00896306,0.180282
248,002532.npy,0.00015543,0.00126152,0.0019443,0.123207,0.00096271,0.21468121,0.35705274,0.004484,0.00498036,0.01327279,0.01855206,0.375231
249,002556.npy,0.00012055,0.00045132,0.00087886,0.267103,0.00095271,0.13789889,0.21947488,0.006909,0.00379171,0.00596447,0.00854398,0.635715
250,002557.npy,0.0001038,0.00108817,0.00137677,0.09539,0.00109033,0.22658357,0.30932051,0.004812,0.00322345,0.01246377,0.01263331,0.258626
251,002558.npy,0.00010264,0.00110406,0.00112715,0.092962,0.00104136,0.22373091,0.26625627,0.004655,0.00319934,0.0126603,0.01021745,0.252706
252,002568.npy,0.000169,0.0007362,0.00118248,0.229557,0.00092647,0.1408716,0.23962989,0.006577,0.00543971,0.0092074,0.01146725,0.590796
253,002572.npy,0.00027736,0.00041488,0.0014712,0.668518,0.00085123,0.11413136,0.27542508,0.007458,0.00899964,0.00456879,0.01517127,1.969807
254,002598.npy,0.00011685,0.00204964,0.00170253,0.057008,0.00098704,0.41171321,0.43776882,0.002397,0.00370898,0.0243234,0.01514657,0.152486
255,002604.npy,0.00042212,0.0012857,0.0028059,0.328317,0.00084041,0.18605366,0.46641263,0.004517,0.01370951,0.01975535,0.02887641,0.693964
256,002612.npy,0.00035668,0.00108932,0.00285219,0.327428,0.00097931,0.18261543,0.49584153,0.005363,0.01158034,0.01398517,0.02861218,0.828043
257,002613.npy,0.00039413,0.00091002,0.00308465,0.433098,0.00099124,0.17044669,0.50274014,0.005816,0.01278948,0.01031057,0.03253566,1.240424
258,002625.npy,0.00033163,0.00233896,0.00369713,0.141783,0.00092702,0.20723331,0.6139822,0.004473,0.01070562,0.04672937,0.0369252,0.229098
259,002640.npy,0.00030633,0.00315273,0.00309581,0.097162,0.00095473,0.55514133,0.680287,0.00172,0.00987447,0.03372679,0.02869502,0.292778
260,002660.npy,0.00026729,0.00130493,0.0027379,0.204832,0.00094785,0.25295123,0.50893444,0.003747,0.00859637,0.01490379,0.02714917,0.576791
261,002675.npy,0.00021523,0.0020106,0.00190479,0.107048,0.00097942,0.30295122,0.40481317,0.003233,0.00691879,0.02411825,0.01745805,0.28687
262,002680.npy,9.005e-05,0.00167867,0.00118081,0.053645,0.00092852,0.2548987,0.26075903,0.003643,0.00289591,0.02195955,0.01071208,0.131875
263,002690.npy,0.00026317,0.00198073,0.0026354,0.132863,0.00094903,0.38104418,0.53501213,0.002491,0.00851533,0.01987404,0.02436528,0.428465
264,002693.npy,0.00067952,0.00127931,0.0036647,0.531154,0.00105202,0.22059476,0.55714917,0.004769,0.02214763,0.01433965,0.0410298,1.544501
265,002695.npy,0.00022472,0.00417313,0.0025507,0.053848,0.00093801,0.24407971,0.40896374,0.003843,0.0071745,0.09115025,0.02553608,0.078711
266,002729.npy,0.00057982,0.00102207,0.00371265,0.567293,0.00098286,0.18072756,0.58668506,0.005438,0.01887388,0.01140557,0.0395248,1.654793
267,002731.npy,0.00050246,0.00100702,0.00299058,0.498949,0.0008561,0.18848163,0.49999121,0.004542,0.0163626,0.01112524,0.03078645,1.470762
268,002734.npy,0.00045597,0.00135766,0.00399612,0.335848,0.0010061,0.31473088,0.7204479,0.003197,0.01477942,0.01413103,0.04113981,1.045884
269,002747.npy,0.00010321,0.00045474,0.00088389,0.226966,0.00104553,0.06187188,0.16204914,0.016898,0.00324252,0.0079646,0.00866908,0.407115
270,002767.npy,0.00017308,0.00048126,0.00137325,0.359635,0.00095132,0.06445066,0.22328138,0.01476,0.00553118,0.00705921,0.01374777,0.78354
271,002773.npy,0.00020335,0.00091207,0.00146409,0.222956,0.00088283,0.18845797,0.30812258,0.004685,0.00653332,0.01179886,0.01423833,0.553724
272,002777.npy,7.52e-05,0.00323597,0.00163359,0.023239,0.00107849,0.40063363,0.39473456,0.002692,0.00244519,0.04176664,0.01413931,0.058544
273,002790.npy,0.00022373,0.00304771,0.00255514,0.07341,0.0009416,0.28289193,0.43786502,0.003328,0.00713686,0.05159561,0.02513788,0.138323
274,002796.npy,0.00047457,0.00180954,0.00320316,0.262259,0.00091433,0.27681273,0.56583744,0.003303,0.01542992,0.0218773,0.03199048,0.705293
275,002799.npy,0.000305,0.0011829,0.00184593,0.257837,0.00082016,0.1033586,0.29758215,0.007935,0.00987851,0.02240977,0.01842971,0.440812
276,002811.npy,5.327e-05,0.00071874,0.00046124,0.07411,0.00112555,0.06528003,0.08594164,0.017242,0.00163783,0.01312725,0.00437701,0.124765
277,002814.npy,0.00024463,0.00124737,0.0021552,0.196116,0.0009721,0.31712291,0.46191612,0.003065,0.00788778,0.01292813,0.02167237,0.610125
278,002824.npy,0.00022123,0.0020715,0.0028843,0.106796,0.00109105,0.42568594,0.61606109,0.002563,0.00705475,0.0230174,0.02778089,0.306496
279,002842.npy,0.0005554,0.00116804,0.0030734,0.475493,0.00090316,0.23173204,0.52640444,0.003897,0.01810756,0.01256633,0.03217446,1.440958
280,002848.npy,0.00022373,0.00078101,0.00168574,0.286458,0.0008675,0.12443507,0.28483927,0.006972,0.00717274,0.00964742,0.01723711,0.743487
281,002853.npy,8.169e-05,0.00573952,0.00285531,0.014232,0.00124656,0.68026018,0.59664607,0.001832,0.00253034,0.08291636,0.02599256,0.030517
282,002863.npy,0.00017191,0.00133508,0.00211416,0.128764,0.00099211,0.32945415,0.48370418,0.003011,0.00542308,0.01330351,0.01937004,0.407642
283,002869.npy,0.00023916,0.0005659,0.00172752,0.422605,0.00084251,0.08699196,0.28182575,0.009685,0.00772656,0.00745449,0.01754409,1.036497
284,002879.npy,0.00010445,0.0015927,0.00133863,0.065579,0.00114125,0.25041261,0.28654608,0.004557,0.00331375,0.01805744,0.01242586,0.183511
285,002888.npy,0.00032405,0.00081076,0.00262479,0.399686,0.00087383,0.18260719,0.47795132,0.004785,0.01047753,0.00994511,0.02616795,1.053535
286,002896.npy,0.00020154,0.00059704,0.0019809,0.337555,0.00095301,0.15405954,0.37677819,0.006186,0.00644217,0.00653515,0.01951678,0.98577
287,002904.npy,0.00013674,0.00055225,0.00138779,0.247597,0.00094584,0.14620972,0.2915566,0.006469,0.00433696,0.00574142,0.01324186,0.755381
288,002911.npy,6.866e-05,0.00067902,0.00056264,0.101114,0.00100307,0.07789911,0.10082816,0.012876,0.00210492,0.00903291,0.0053919,0.233027
289,002919.npy,0.00037953,0.00130524,0.00287603,0.290774,0.00093758,0.29542625,0.55454493,0.003174,0.01231205,0.01356028,0.02872082,0.907949
290,002931.npy,0.00025954,0.00383637,0.00270812,0.067652,0.00087227,0.42615107,0.51265192,0.002047,0.0083425,0.05346083,0.02499579,0.156049
291,002939.npy,0.00028176,0.00113125,0.00201092,0.249071,0.00080178,0.21852601,0.386962,0.003669,0.00910388,0.01253671,0.01955825,0.726177
292,002945.npy,0.00018149,0.00237901,0.00215295,0.076287,0.00098035,0.38135058,0.45922303,0.002571,0.00574133,0.0297627,0.01982151,0.192903
293,002959.npy,0.0001663,0.00120476,0.00142808,0.138037,0.00090998,0.16194385,0.27419817,0.005619,0.00530622,0.01785562,0.01368079,0.297174
294,002977.npy,4.115e-05,0.00100209,0.00045893,0.041067,0.00096824,0.09319898,0.10132599,0.010389,0.00133825,0.01944886,0.00423843,0.068808
295,003003.npy,0.00014199,0.00036265,0.00106141,0.391537,0.0009647,0.06912573,0.18928394,0.013956,0.00447615,0.00440177,0.01048962,1.016895
296,003005.npy,7.293e-05,0.00271306,0.00164069,0.026882,0.0010921,0.40226781,0.38408649,0.002715,0.00232206,0.03618909,0.01470912,0.064165
297,003016.npy,0.00034421,0.00351247,0.00387381,0.097996,0.00096358,0.71108204,0.89098585,0.001355,0.01110538,0.04093758,0.03590292,0.271276
298,003019.npy,0.00021461,0.00158288,0.00194819,0.135582,0.00095337,0.11993915,0.31534743,0.007949,0.00684843,0.02993373,0.01966416,0.228786
299,003033.npy,0.00029201,0.00210083,0.00323675,0.138999,0.000963,0.29437914,0.57191026,0.003271,0.00939562,0.02768855,0.03155531,0.339332
300,003045.npy,0.00033084,0.00106708,0.00217991,0.310041,0.0008042,0.09915215,0.35112068,0.008111,0.0107354,0.02049719,0.02189704,0.523749
301,003056.npy,0.00018223,0.00295731,0.00220284,0.06162,0.00102255,0.32653189,0.40939912,0.003132,0.00577694,0.04356131,0.02096746,0.132616
302,003065.npy,0.00010925,0.00099997,0.00105521,0.109256,0.00103566,0.18995047,0.24842736,0.005452,0.00348297,0.01209105,0.00967132,0.288061
303,003072.npy,0.00010425,0.00284863,0.00166415,0.036595,0.00105959,0.2702356,0.27896658,0.003921,0.00323147,0.04764426,0.01669315,0.067825
304,003073.npy,9.758e-05,0.00027995,0.00083819,0.348534,0.00097633,0.05435868,0.15138015,0.017961,0.00300943,0.00351054,0.00819799,0.857254
305,003080.npy,0.00025062,0.00104617,0.00181453,0.239557,0.00088579,0.24110281,0.38858294,0.003674,0.00810187,0.01149663,0.01756126,0.704717
306,003090.npy,0.00010951,0.00159331,0.00127516,0.068733,0.00109007,0.23192734,0.27283946,0.0047,0.0034192,0.02095546,0.01178827,0.163165
307,003092.npy,0.00024747,0.00080567,0.00238738,0.307162,0.00090366,0.13695282,0.41083097,0.006598,0.00793674,0.00962284,0.02346121,0.824781
308,003105.npy,6.121e-05,0.00036692,0.00050952,0.166806,0.00087306,0.09821302,0.12714531,0.008889,0.00201689,0.00403334,0.00492638,0.500053
309,003107.npy,5.561e-05,0.0003607,0.00043149,0.154162,0.00087795,0.09323984,0.11303181,0.009416,0.00183822,0.00396373,0.00413766,0.463759
310,003110.npy,0.00041231,0.0011703,0.00319771,0.35231,0.0009232,0.2356914,0.56549942,0.003917,0.01338226,0.01354007,0.0327094,0.988344
311,003113.npy,0.00010292,0.00246564,0.00153056,0.04174,0.00103604,0.38074362,0.37776262,0.002721,0.00329631,0.02882195,0.01323473,0.114368
312,003116.npy,0.00053144,0.00106973,0.00340136,0.496796,0.00089986,0.15828514,0.53961885,0.005685,0.01730457,0.01446107,0.0355226,1.196631
313,003120.npy,9.385e-05,0.0002224,0.00052906,0.421948,0.00094364,0.03945762,0.09219561,0.023915,0.00298851,0.00289229,0.0053289,1.033264
314,003129.npy,0.00055902,0.00118049,0.00334824,0.473547,0.000882,0.190148,0.54284644,0.004638,0.01823264,0.01403357,0.03441566,1.299215
315,003138.npy,7.442e-05,0.00261333,0.00150192,0.028476,0.00107997,0.36835328,0.34411144,0.002932,0.00238994,0.02963274,0.01257458,0.080652
316,003160.npy,0.0002126,0.00159313,0.00225549,0.13345,0.0010012,0.25493115,0.44510698,0.003927,0.0067983,0.02100021,0.02147964,0.323725
317,003171.npy,7.775e-05,0.00052297,0.00067603,0.148671,0.00099829,0.0956222,0.15277731,0.01044,0.00248325,0.00826989,0.00652703,0.300275
318,003174.npy,0.00019122,0.0006809,0.00165704,0.280822,0.00092254,0.15595247,0.31458932,0.005916,0.00608379,0.0069899,0.01607236,0.870367
319,003185.npy,8.876e-05,0.00213002,0.00151919,0.041672,0.00097848,0.37534156,0.37732738,0.002607,0.00284299,0.02593323,0.01392059,0.109627
