canonical_id,sample_filename,AIR-Net MAE Residual,Bicubic MAE Residual,AIR-Net StdDev,GT StdDev,Bicubic StdDev
0,000001.npy,0.320628,0.039223,0.011875,0.157511,0.166572
1,000021.npy,0.377148,0.040016,0.012988,0.139456,0.147359
2,000034.npy,0.624815,0.072689,0.02007,0.300351,0.305199
3,000064.npy,0.725087,0.062032,0.022597,0.286715,0.282949
4,000095.npy,0.146731,0.019901,0.008218,0.11863,0.121219
5,000098.npy,0.334726,0.043236,0.012207,0.175979,0.181757
6,000103.npy,0.505578,0.056344,0.016788,0.203472,0.214269
7,000122.npy,0.279531,0.040427,0.012053,0.266934,0.273881
8,000130.npy,0.408875,0.057572,0.01362,0.169756,0.174509
9,000146.npy,0.447787,0.060488,0.015492,0.211116,0.223325
10,000160.npy,0.319864,0.034394,0.011708,0.182457,0.187032
11,000161.npy,0.293246,0.037939,0.011222,0.183482,0.189836
12,000186.npy,0.219454,0.029134,0.009933,0.182416,0.186711
13,000189.npy,0.327058,0.048259,0.012147,0.193281,0.194264
14,000197.npy,0.53445,0.054364,0.016712,0.132618,0.147947
15,000200.npy,0.438527,0.055034,0.014653,0.154026,0.161906
16,000201.npy,0.561294,0.068746,0.019226,0.314966,0.322198
17,000202.npy,0.548571,0.065823,0.018769,0.303747,0.31365
18,000206.npy,0.389076,0.076656,0.013702,0.202345,0.206188
19,000241.npy,0.879924,0.073843,0.025546,0.13403,0.153007
20,000253.npy,0.794435,0.072011,0.023708,0.176483,0.187779
21,000262.npy,0.241607,0.036212,0.011169,0.230536,0.232246
22,000293.npy,0.499026,0.062621,0.016652,0.20248,0.210627
23,000317.npy,0.561363,0.081574,0.01806,0.195085,0.209548
24,000330.npy,0.207014,0.028711,0.00918,0.129612,0.130617
25,000337.npy,0.192732,0.025529,0.008726,0.120146,0.126436
26,000378.npy,0.661192,0.08482,0.020704,0.253547,0.25077
27,000379.npy,0.698096,0.090544,0.021435,0.237899,0.238744
28,000391.npy,0.115102,0.016356,0.00752,0.086669,0.087436
29,000392.npy,0.281204,0.036145,0.010948,0.165485,0.171165
30,000397.npy,0.870196,0.091885,0.025147,0.088403,0.126226
31,000400.npy,0.511884,0.056726,0.018412,0.358457,0.356158
32,000403.npy,0.771658,0.094446,0.022618,0.079169,0.137286
33,000418.npy,0.316116,0.050371,0.011881,0.166663,0.174336
34,000452.npy,0.394068,0.043278,0.015032,0.280541,0.285666
35,000455.npy,0.799139,0.082266,0.023251,0.117419,0.143274
36,000459.npy,0.309619,0.04939,0.011613,0.183526,0.18032
37,000466.npy,0.520487,0.06523,0.017142,0.199524,0.208326
38,000474.npy,0.721377,0.083012,0.02222,0.253734,0.265554
39,000488.npy,0.157779,0.03067,0.008406,0.143994,0.143304
40,000492.npy,0.241629,0.043116,0.010315,0.182407,0.180957
41,000502.npy,0.560349,0.069328,0.017414,0.136109,0.157922
42,000540.npy,0.793748,0.072198,0.023206,0.103833,0.130209
43,000562.npy,0.52784,0.084408,0.017088,0.213168,0.222417
44,000563.npy,0.513126,0.07441,0.01681,0.224007,0.229135
45,000586.npy,0.372298,0.056073,0.012855,0.124379,0.134637
46,000600.npy,0.399574,0.046628,0.015958,0.335654,0.338556
47,000608.npy,0.386744,0.056132,0.014112,0.232862,0.238656
48,000623.npy,0.522578,0.071914,0.016282,0.118964,0.131732
49,000627.npy,0.490723,0.249111,0.016099,0.289536,0.22463
50,000640.npy,0.469289,0.066015,0.015888,0.213908,0.219692
51,000641.npy,0.550698,0.090257,0.017004,0.101294,0.111271
52,000646.npy,0.559695,0.062944,0.01755,0.152221,0.165079
53,000648.npy,0.54161,0.062344,0.017061,0.200226,0.209738
54,000659.npy,0.647075,0.086391,0.01967,0.217869,0.229796
55,000663.npy,0.624923,0.078393,0.020061,0.254658,0.270505
56,000683.npy,0.322695,0.041661,0.012917,0.273629,0.277097
57,000698.npy,0.813249,0.082683,0.023905,0.163018,0.186143
58,000702.npy,0.188947,0.039443,0.008745,0.089265,0.087897
59,000709.npy,0.080407,0.012632,0.00754,0.11321,0.113861
60,000747.npy,0.536039,0.053513,0.017487,0.195834,0.20554
61,000763.npy,0.499357,0.076848,0.016291,0.16367,0.173075
62,000766.npy,0.247691,0.034213,0.011318,0.226642,0.231372
63,000769.npy,0.378835,0.038556,0.012929,0.127658,0.133561
64,000775.npy,0.284827,0.041182,0.011906,0.222837,0.229584
65,000779.npy,0.616439,0.080985,0.018917,0.161174,0.170854
66,000791.npy,0.322916,0.034805,0.01354,0.287169,0.292003
67,000795.npy,0.321084,0.042567,0.011465,0.112451,0.119343
68,000804.npy,0.380615,0.076769,0.013309,0.187168,0.190178
69,000815.npy,0.292877,0.054795,0.011924,0.221591,0.222134
70,000835.npy,0.337605,0.049551,0.013163,0.262543,0.263247
71,000854.npy,0.393607,0.06896,0.014196,0.223923,0.223508
72,000860.npy,0.231239,0.029913,0.011034,0.248994,0.252611
73,000863.npy,0.639101,0.078856,0.019994,0.222725,0.23712
74,000870.npy,0.475627,0.069872,0.015651,0.161479,0.170239
75,000877.npy,0.258204,0.0331,0.009941,0.117859,0.125677
76,000878.npy,0.262194,0.027039,0.009977,0.11954,0.124339
77,000880.npy,0.478801,0.055926,0.016426,0.229381,0.236742
78,000955.npy,0.437852,0.05601,0.014813,0.16987,0.18244
79,000956.npy,0.449191,0.06189,0.015011,0.203054,0.20318
80,000960.npy,0.338489,0.033765,0.011667,0.064279,0.076815
81,000972.npy,0.461539,0.045065,0.017455,0.346998,0.33785
82,000975.npy,0.247784,0.031219,0.01035,0.175335,0.178113
83,000995.npy,0.482803,0.049924,0.016148,0.184291,0.195219
84,001016.npy,0.350329,0.046359,0.0128,0.199996,0.206838
85,001020.npy,0.326089,0.049041,0.011924,0.166238,0.171327
86,001021.npy,0.217919,0.044527,0.009409,0.12531,0.127321
87,001028.npy,0.411344,0.046683,0.014647,0.241165,0.246139
88,001038.npy,0.613751,0.071868,0.018935,0.16371,0.179607
89,001051.npy,0.771234,0.066654,0.023455,0.237533,0.246965
90,001059.npy,0.532375,0.070234,0.016731,0.167153,0.17383
91,001076.npy,0.523094,0.067673,0.016547,0.163121,0.173359
92,001082.npy,0.552189,0.049288,0.018638,0.271603,0.27476
93,001095.npy,0.156243,0.016783,0.008431,0.128595,0.131047
94,001129.npy,0.385536,0.046267,0.013397,0.171871,0.18274
95,001130.npy,0.382618,0.03911,0.013314,0.170779,0.178572
96,001136.npy,0.265256,0.038973,0.011162,0.212335,0.215955
97,001147.npy,0.438604,0.060868,0.014864,0.21292,0.223377
98,001152.npy,0.526685,0.079352,0.017332,0.26665,0.265366
99,001153.npy,0.427658,0.052784,0.015277,0.250781,0.25314
100,001154.npy,0.479328,0.06183,0.016326,0.234419,0.23928
101,001158.npy,0.245672,0.044643,0.010428,0.155465,0.158659
102,001162.npy,0.634331,0.062331,0.019756,0.181117,0.194468
103,001180.npy,0.319407,0.050075,0.011859,0.192191,0.194392
104,001183.npy,0.439449,0.058621,0.014607,0.159662,0.169868
105,001184.npy,0.531763,0.059906,0.017026,0.187634,0.19709
106,001215.npy,0.481211,0.072246,0.016583,0.298481,0.296236
107,001218.npy,0.176282,0.032958,0.008787,0.139529,0.143851
108,001238.npy,0.164555,0.024332,0.008277,0.092879,0.09587
109,001257.npy,0.58411,0.069813,0.017941,0.069153,0.112575
110,001267.npy,0.238816,0.033391,0.012018,0.295856,0.298206
111,001275.npy,0.252201,0.033494,0.010721,0.198717,0.202394
112,001282.npy,0.258248,0.068694,0.0102,0.112195,0.109545
113,001291.npy,0.159446,0.048777,0.0084,0.135846,0.130608
114,001294.npy,0.130035,0.02217,0.007909,0.103095,0.104217
115,001297.npy,0.582795,0.06353,0.0182,0.15865,0.166054
116,001300.npy,0.469452,0.05785,0.015572,0.178947,0.194259
117,001306.npy,0.737766,0.088675,0.021788,0.159955,0.173833
118,001327.npy,0.231885,0.047015,0.01036,0.20914,0.208356
119,001354.npy,0.460843,0.058495,0.015491,0.186932,0.198244
120,001363.npy,0.477084,0.068129,0.015822,0.174668,0.179758
121,001367.npy,0.485267,0.06136,0.015483,0.127253,0.134866
122,001369.npy,0.47537,0.067797,0.015245,0.15011,0.157043
123,001390.npy,0.50239,0.049292,0.016946,0.215433,0.224019
124,001400.npy,0.251245,0.029624,0.0103,0.156953,0.161401
125,001408.npy,0.097791,0.016436,0.007742,0.151888,0.154951
126,001415.npy,0.518606,0.0784,0.017178,0.283117,0.281976
127,001434.npy,0.858568,0.059406,0.025434,0.209305,0.214987
128,001438.npy,0.376534,0.045777,0.013036,0.150572,0.159695
129,001439.npy,0.360722,0.038815,0.01263,0.156775,0.163399
130,001443.npy,0.377362,0.05271,0.013029,0.147089,0.160015
131,001445.npy,0.078192,0.015575,0.00723,0.125663,0.12642
132,001478.npy,0.249089,0.035342,0.010685,0.187823,0.192198
133,001479.npy,0.246061,0.029506,0.01032,0.169769,0.173473
134,001482.npy,0.758257,0.068176,0.022602,0.178052,0.192885
135,001484.npy,0.556298,0.065888,0.018736,0.289221,0.294382
136,001485.npy,0.602666,0.072307,0.019854,0.291125,0.301319
137,001495.npy,0.403276,0.049592,0.016846,0.394574,0.397229
138,001496.npy,0.54083,0.0502,0.01842,0.309117,0.307805
139,001500.npy,0.431627,0.05138,0.014615,0.161878,0.170647
140,001515.npy,0.121343,0.036763,0.007748,0.107407,0.103314
141,001520.npy,0.533648,0.062364,0.017272,0.205211,0.220098
142,001522.npy,0.370397,0.038842,0.013391,0.203441,0.208668
143,001527.npy,0.24816,0.0317,0.011029,0.208924,0.20806
144,001528.npy,0.49716,0.073327,0.015921,0.118064,0.135736
145,001529.npy,0.284425,0.035478,0.010748,0.126266,0.131345
146,001534.npy,0.206569,0.033976,0.00906,0.100337,0.101059
147,001570.npy,0.178973,0.035197,0.008523,0.086637,0.087866
148,001579.npy,0.079827,0.015923,0.006995,0.080225,0.080357
149,001585.npy,0.388466,0.054473,0.013868,0.226635,0.226726
150,001589.npy,0.37713,0.063328,0.013334,0.233186,0.231852
151,001597.npy,0.640403,0.065703,0.021,0.297044,0.295739
152,001603.npy,0.253228,0.045706,0.009827,0.105077,0.109869
153,001631.npy,0.344229,0.041835,0.012299,0.181605,0.186616
154,001634.npy,0.468356,0.055222,0.0158,0.194829,0.204938
155,001636.npy,0.650252,0.086871,0.020877,0.332408,0.327159
156,001638.npy,0.186478,0.053511,0.009531,0.202796,0.200122
157,001643.npy,0.149253,0.02055,0.00784,0.068284,0.07072
158,001648.npy,0.483345,0.062797,0.016068,0.235853,0.238552
159,001661.npy,0.566587,0.056295,0.018678,0.273569,0.282419
160,001663.npy,0.567814,0.068545,0.018694,0.273634,0.284921
161,001678.npy,0.245857,0.036797,0.010198,0.13277,0.136241
162,001682.npy,0.360754,0.041491,0.012773,0.213169,0.219867
163,001685.npy,0.667991,0.06996,0.021303,0.278427,0.275702
164,001695.npy,0.309324,0.044389,0.012642,0.274757,0.27609
165,001696.npy,0.250229,0.032827,0.012512,0.324998,0.323462
166,001698.npy,0.167063,0.030647,0.008354,0.085859,0.086757
167,001704.npy,0.490866,0.053933,0.016499,0.239671,0.244964
168,001707.npy,0.497498,0.053303,0.016375,0.17811,0.191467
169,001722.npy,0.387353,0.048576,0.013339,0.165305,0.173789
170,001733.npy,0.19916,0.02856,0.010485,0.223163,0.225789
171,001734.npy,0.161074,0.023382,0.008875,0.153925,0.158135
172,001751.npy,0.625351,0.065591,0.019644,0.201699,0.208108
173,001757.npy,0.332778,0.036871,0.012084,0.166826,0.173842
174,001759.npy,0.359296,0.040679,0.012682,0.166593,0.174675
175,001768.npy,0.724422,0.076332,0.021623,0.120548,0.154226
176,001787.npy,0.601747,0.057447,0.019647,0.295266,0.288821
177,001794.npy,0.692521,0.097024,0.020951,0.225331,0.240699
178,001796.npy,0.148378,0.020318,0.008108,0.088511,0.089716
179,001802.npy,0.30735,0.034721,0.011982,0.203908,0.210364
180,001806.npy,0.464712,0.062498,0.01552,0.201222,0.21426
181,001819.npy,0.269208,0.033219,0.012304,0.265964,0.269408
182,001843.npy,0.267502,0.036268,0.01129,0.215093,0.219816
183,001853.npy,0.513166,0.053448,0.017054,0.221834,0.228203
184,001863.npy,0.490354,0.058288,0.016382,0.202762,0.214134
185,001881.npy,0.59258,0.066123,0.01831,0.177132,0.192677
186,001884.npy,0.852516,0.087547,0.024641,0.058776,0.119824
187,001895.npy,0.451406,0.055009,0.01536,0.209172,0.21442
188,001899.npy,0.506789,0.069764,0.016639,0.180976,0.195556
189,001919.npy,0.29073,0.041389,0.011303,0.178724,0.180002
190,001923.npy,0.569107,0.06197,0.019078,0.297411,0.30053
191,001930.npy,0.345151,0.058017,0.012306,0.142641,0.15158
192,001955.npy,0.070325,0.01213,0.0067,0.094515,0.09445
193,001959.npy,0.425994,0.047846,0.014937,0.220335,0.226492
194,001969.npy,0.645726,0.063771,0.02012,0.182222,0.19556
195,001981.npy,0.615663,0.071407,0.019497,0.274228,0.276322
196,001986.npy,0.626447,0.063048,0.019177,0.140743,0.160595
197,001998.npy,0.256803,0.03238,0.010356,0.177724,0.181366
198,002027.npy,0.552197,0.074192,0.017248,0.118698,0.146324
199,002038.npy,0.556944,0.080636,0.018301,0.241579,0.251462
200,002041.npy,0.738473,0.116207,0.02189,0.207808,0.196847
201,002047.npy,0.518756,0.078383,0.016469,0.149314,0.165411
202,002049.npy,0.153929,0.022736,0.008098,0.088411,0.0926
203,002056.npy,0.187417,0.02745,0.010057,0.215427,0.219015
204,002061.npy,0.512993,0.061539,0.01616,0.101865,0.125828
205,002062.npy,0.508026,0.06593,0.016011,0.101674,0.128528
206,002068.npy,0.394849,0.054992,0.014018,0.209574,0.21493
207,002088.npy,0.360859,0.050917,0.013093,0.207956,0.210473
208,002101.npy,0.502121,0.062168,0.017261,0.277479,0.288479
209,002135.npy,0.405785,0.064514,0.013664,0.162565,0.163403
210,002139.npy,0.469202,0.054556,0.01635,0.265764,0.274105
211,002146.npy,0.482794,0.065789,0.015359,0.11387,0.125436
212,002160.npy,0.439348,0.061615,0.014503,0.139098,0.150603
213,002169.npy,0.588504,0.054313,0.020291,0.354307,0.341201
214,002182.npy,0.615215,0.063984,0.018962,0.201941,0.213174
215,002191.npy,0.67561,0.067903,0.020986,0.240703,0.24083
216,002198.npy,0.157616,0.024635,0.008394,0.109492,0.114291
217,002199.npy,0.110542,0.017355,0.007633,0.095819,0.097733
218,002200.npy,0.567686,0.080028,0.017983,0.184754,0.20298
219,002214.npy,0.122183,0.017463,0.007751,0.054586,0.055521
220,002235.npy,0.826198,0.082322,0.023992,0.10751,0.139004
221,002237.npy,0.351888,0.056282,0.014014,0.28838,0.289452
222,002253.npy,0.640069,0.070301,0.019657,0.230147,0.238846
223,002255.npy,0.643814,0.079004,0.019755,0.230035,0.241097
224,002264.npy,0.73593,0.090409,0.021438,0.271527,0.271172
225,002267.npy,0.174999,0.030479,0.008876,0.181812,0.181616
226,002278.npy,0.547297,0.060748,0.01759,0.189919,0.199818
227,002294.npy,0.27,0.043548,0.010953,0.203429,0.201202
228,002300.npy,0.629105,0.065441,0.019284,0.156048,0.170805
229,002301.npy,0.404804,0.049449,0.013841,0.166717,0.178073
230,002317.npy,0.729133,0.110018,0.021421,0.154807,0.175278
231,002324.npy,0.609432,0.056942,0.019838,0.264698,0.272164
232,002327.npy,0.704042,0.066897,0.021557,0.189673,0.204798
233,002336.npy,0.585421,0.076663,0.019261,0.304726,0.302807
234,002343.npy,0.581423,0.057198,0.017835,0.09833,0.121233
235,002363.npy,0.340757,0.04926,0.013476,0.269516,0.264583
236,002385.npy,0.618345,0.094941,0.019436,0.219909,0.234568
237,002391.npy,0.781261,0.084241,0.022962,0.127746,0.152039
238,002393.npy,0.481008,0.083743,0.015798,0.24436,0.24328
239,002432.npy,0.814896,0.077821,0.024498,0.220875,0.233423
240,002433.npy,0.276978,0.036731,0.010712,0.164312,0.168148
241,002435.npy,0.330552,0.050797,0.012157,0.174652,0.182538
242,002449.npy,0.253406,0.030669,0.010392,0.156239,0.160206
243,002450.npy,0.249483,0.031858,0.010375,0.156804,0.162339
244,002454.npy,0.469252,0.060535,0.01551,0.18434,0.197907
245,002489.npy,0.642917,0.07632,0.019711,0.136704,0.16134
246,002511.npy,0.739057,0.100349,0.022235,0.185685,0.200229
247,002520.npy,0.222265,0.036375,0.009962,0.170803,0.172796
248,002532.npy,0.362386,0.05131,0.013176,0.205917,0.214496
249,002556.npy,0.317126,0.035476,0.011548,0.159135,0.165282
250,002557.npy,0.280586,0.04448,0.01077,0.140283,0.147711
251,002558.npy,0.281268,0.037294,0.010698,0.137776,0.142481
252,002568.npy,0.386786,0.042578,0.01361,0.188199,0.194898
253,002572.npy,0.483346,0.043752,0.017589,0.335383,0.335834
254,002598.npy,0.290582,0.044439,0.011499,0.216712,0.218503
255,002604.npy,0.696063,0.069287,0.021162,0.175716,0.188281
256,002612.npy,0.599559,0.070768,0.019711,0.275818,0.286264
257,002613.npy,0.629507,0.069243,0.020769,0.313486,0.317094
258,002625.npy,0.609627,0.089124,0.018745,0.134697,0.164684
259,002640.npy,0.574378,0.068376,0.018127,0.219123,0.226215
260,002660.npy,0.522653,0.066949,0.016994,0.207985,0.21957
261,002675.npy,0.455522,0.057218,0.015276,0.190003,0.196669
262,002680.npy,0.219489,0.035185,0.010214,0.206673,0.207248
263,002690.npy,0.488601,0.058909,0.017068,0.291846,0.298337
264,002693.npy,0.932537,0.074906,0.026638,0.054902,0.106773
265,002695.npy,0.480245,0.078124,0.015525,0.143731,0.151714
266,002729.npy,0.846719,0.082651,0.024669,0.113101,0.146693
267,002731.npy,0.776219,0.070961,0.022993,0.137566,0.160943
268,002734.npy,0.724065,0.082989,0.022041,0.22836,0.244714
269,002747.npy,0.281395,0.040354,0.010725,0.133347,0.14055
270,002767.npy,0.393741,0.047146,0.013784,0.176321,0.186246
271,002773.npy,0.437233,0.046285,0.014867,0.193837,0.201584
272,002777.npy,0.201666,0.051201,0.009378,0.171186,0.170656
273,002790.npy,0.482772,0.072016,0.015442,0.118061,0.130645
274,002796.npy,0.738501,0.078988,0.022461,0.208473,0.221662
275,002799.npy,0.56098,0.059663,0.018111,0.193142,0.203909
276,002811.npy,0.137806,0.028356,0.007933,0.076508,0.07887
277,002814.npy,0.471912,0.048726,0.016493,0.289812,0.289556
278,002824.npy,0.450069,0.064906,0.015631,0.257295,0.262638
279,002842.npy,0.822027,0.072684,0.024166,0.157359,0.174971
280,002848.npy,0.456542,0.050467,0.015683,0.208719,0.212712
281,002853.npy,0.202943,0.060555,0.0098,0.204338,0.198556
282,002863.npy,0.408305,0.055593,0.013628,0.147022,0.160658
283,002869.npy,0.457523,0.050653,0.016344,0.272057,0.278704
284,002879.npy,0.248287,0.037689,0.011017,0.213582,0.213551
285,002888.npy,0.595441,0.070716,0.018578,0.172723,0.187155
286,002896.npy,0.443231,0.056876,0.014769,0.166974,0.182077
287,002904.npy,0.337109,0.045125,0.012316,0.182645,0.192987
288,002911.npy,0.219881,0.030911,0.008834,0.081083,0.082844
289,002919.npy,0.632595,0.067494,0.020292,0.279684,0.287635
290,002931.npy,0.528321,0.072497,0.016612,0.135577,0.143117
291,002939.npy,0.54857,0.055898,0.017333,0.171417,0.183111
292,002945.npy,0.423856,0.057414,0.013981,0.1405,0.147233
293,002959.npy,0.388989,0.048711,0.013486,0.170121,0.177216
294,002977.npy,0.099805,0.028956,0.007132,0.086064,0.085576
295,003003.npy,0.36036,0.045173,0.012383,0.085659,0.101235
296,003005.npy,0.1687,0.042097,0.009362,0.201037,0.20064
297,003016.npy,0.618725,0.077984,0.019179,0.24186,0.250354
298,003019.npy,0.449302,0.062521,0.015316,0.182544,0.193834
299,003033.npy,0.546642,0.075952,0.017773,0.212662,0.2271
300,003045.npy,0.595385,0.065596,0.018794,0.172803,0.187594
301,003056.npy,0.413769,0.059827,0.014086,0.168508,0.174237
302,003065.npy,0.282835,0.038102,0.011076,0.173725,0.179154
303,003072.npy,0.282342,0.041663,0.0108,0.140878,0.140201
304,003073.npy,0.281829,0.037119,0.010412,0.101863,0.112421
305,003080.npy,0.490855,0.050492,0.016532,0.239632,0.246953
306,003090.npy,0.293111,0.043441,0.011029,0.135512,0.138754
307,003092.npy,0.508466,0.067939,0.016255,0.12509,0.148516
308,003105.npy,0.133254,0.018685,0.008555,0.181228,0.182655
309,003107.npy,0.123279,0.016247,0.008159,0.164235,0.165988
310,003110.npy,0.681701,0.073919,0.020985,0.22075,0.233744
311,003113.npy,0.251353,0.042818,0.010853,0.211852,0.212258
312,003116.npy,0.796834,0.079489,0.023663,0.152001,0.176831
313,003120.npy,0.252606,0.025084,0.010378,0.170091,0.172582
314,003129.npy,0.832847,0.078307,0.024175,0.071281,0.116065
315,003138.npy,0.216993,0.047667,0.009244,0.144369,0.143103
316,003160.npy,0.449176,0.063301,0.015218,0.197725,0.207936
317,003171.npy,0.185746,0.030547,0.009592,0.193708,0.195935
318,003174.npy,0.433053,0.051616,0.014341,0.126797,0.140165
319,003185.npy,0.228806,0.040653,0.010127,0.206542,0.207561
