canonical_id,sample_filename,AIR-Net PSNR,Bicubic PSNR,PSNR Difference,AIR-Net SSIM,Bicubic SSIM,SSIM Difference,Detail Loss Classification,AIR-Net PSNR Win,Bicubic PSNR Win,AIR-Net SSIM Win
0,000001.npy,8.9551,25.4811,-16.526,0.0256,0.5694,-0.5438,Severe Detail Loss,False,True,False
1,000021.npy,7.9191,25.4854,-17.5662,0.0262,0.4827,-0.4565,Severe Detail Loss,False,True,False
2,000034.npy,3.1957,20.2754,-17.0798,0.0158,0.4422,-0.4265,Severe Detail Loss,False,True,False
3,000064.npy,2.1724,21.6095,-19.4371,0.014,0.3969,-0.383,Severe Detail Loss,False,True,False
4,000095.npy,14.509,30.5314,-16.0224,0.0576,0.741,-0.6834,Severe Detail Loss,False,True,False
5,000098.npy,8.462,24.7249,-16.2629,0.0215,0.5756,-0.5541,Severe Detail Loss,False,True,False
6,000103.npy,5.2849,22.5519,-17.267,0.0219,0.3208,-0.2989,Severe Detail Loss,False,True,False
7,000122.npy,8.2944,23.6759,-15.3815,0.1543,0.6578,-0.5034,Severe Detail Loss,False,True,False
8,000130.npy,7.0788,22.4303,-15.3515,0.0041,0.7552,-0.7511,Severe Detail Loss,False,True,False
9,000146.npy,6.1253,21.8315,-15.7062,0.0186,0.2653,-0.2467,Severe Detail Loss,False,True,False
10,000160.npy,8.6921,26.4448,-17.7528,0.0204,0.7541,-0.7337,Severe Detail Loss,False,True,False
11,000161.npy,9.2388,25.3308,-16.092,0.022,0.7104,-0.6885,Severe Detail Loss,False,True,False
12,000186.npy,10.9186,26.8964,-15.9778,0.0592,0.7732,-0.714,Severe Detail Loss,False,True,False
13,000189.npy,8.4177,23.0377,-14.6201,0.0188,0.6773,-0.6585,Severe Detail Loss,False,True,False
14,000197.npy,5.1833,23.1404,-17.9571,0.0104,0.5555,-0.5451,Severe Detail Loss,False,True,False
15,000200.npy,6.662,22.8427,-16.1808,0.0119,0.3415,-0.3296,Severe Detail Loss,False,True,False
16,000201.npy,3.8488,20.4947,-16.6459,0.0421,0.2884,-0.2462,Severe Detail Loss,False,True,False
17,000202.npy,4.0746,20.837,-16.7624,0.0429,0.3036,-0.2606,Severe Detail Loss,False,True,False
18,000206.npy,7.1657,19.5628,-12.3971,0.0121,0.5943,-0.5823,Severe Detail Loss,False,True,False
19,000241.npy,1.0106,20.2173,-19.2067,0.0171,0.1794,-0.1623,Severe Detail Loss,False,True,False
20,000253.npy,1.7908,20.595,-18.8043,0.0163,0.2168,-0.2005,Severe Detail Loss,False,True,False
21,000262.npy,9.5674,24.5701,-15.0027,0.063,0.717,-0.6539,Severe Detail Loss,False,True,False
22,000293.npy,5.3885,21.9055,-16.517,0.009,0.3147,-0.3057,Severe Detail Loss,False,True,False
23,000317.npy,4.5278,19.3828,-14.855,0.0156,0.2828,-0.2672,Severe Detail Loss,False,True,False
24,000330.npy,12.2534,27.5525,-15.2991,0.0226,0.8021,-0.7795,Severe Detail Loss,False,True,False
25,000337.npy,12.8909,28.5028,-15.6119,0.0579,0.6862,-0.6283,Severe Detail Loss,False,True,False
26,000378.npy,3.0055,19.274,-16.2686,0.0076,0.4386,-0.4311,Severe Detail Loss,False,True,False
27,000379.npy,2.6497,18.7367,-16.0869,0.0083,0.4029,-0.3946,Severe Detail Loss,False,True,False
28,000391.npy,16.835,32.1086,-15.2736,0.0812,0.8212,-0.7399,Severe Detail Loss,False,True,False
29,000392.npy,9.7427,25.6151,-15.8724,0.0582,0.6033,-0.5451,Severe Detail Loss,False,True,False
30,000397.npy,1.1602,18.6411,-17.4809,0.0081,0.1588,-0.1508,Severe Detail Loss,False,True,False
31,000400.npy,4.116,21.627,-17.511,0.0316,0.4871,-0.4555,Severe Detail Loss,False,True,False
32,000403.npy,2.2034,18.7006,-16.4972,0.0174,0.1352,-0.1178,Severe Detail Loss,False,True,False
33,000418.npy,8.9583,23.3652,-14.4069,0.0159,0.3684,-0.3525,Severe Detail Loss,False,True,False
34,000452.npy,6.3426,23.8701,-17.5275,0.034,0.5393,-0.5053,Severe Detail Loss,False,True,False
35,000455.npy,1.8524,19.8572,-18.0048,0.007,0.3575,-0.3506,Severe Detail Loss,False,True,False
36,000459.npy,8.8859,22.4482,-13.5623,0.0145,0.5953,-0.5808,Severe Detail Loss,False,True,False
37,000466.npy,5.0883,21.554,-16.4657,0.0105,0.2151,-0.2046,Severe Detail Loss,False,True,False
38,000474.npy,2.3386,19.4559,-17.1173,0.02,0.2406,-0.2206,Severe Detail Loss,False,True,False
39,000488.npy,13.4254,26.1835,-12.7581,0.0556,0.7778,-0.7221,Severe Detail Loss,False,True,False
40,000492.npy,10.3965,23.1989,-12.8024,0.0212,0.732,-0.7108,Severe Detail Loss,False,True,False
41,000502.npy,4.7824,21.0345,-16.2521,0.0109,0.4184,-0.4075,Severe Detail Loss,False,True,False
42,000540.npy,1.9306,20.868,-18.9374,0.0114,0.3343,-0.3229,Severe Detail Loss,False,True,False
43,000562.npy,4.9022,19.1802,-14.278,0.008,0.3728,-0.3648,Severe Detail Loss,False,True,False
44,000563.npy,5.0482,20.1451,-15.0969,0.0087,0.4132,-0.4045,Severe Detail Loss,False,True,False
45,000586.npy,8.1278,22.8002,-14.6725,0.0114,0.3633,-0.3519,Severe Detail Loss,False,True,False
46,000600.npy,5.6912,22.8806,-17.1894,0.041,0.5884,-0.5474,Severe Detail Loss,False,True,False
47,000608.npy,6.9271,21.8756,-14.9485,0.0162,0.5606,-0.5444,Severe Detail Loss,False,True,False
48,000623.npy,5.4149,20.5654,-15.1505,0.0062,0.5117,-0.5055,Severe Detail Loss,False,True,False
49,000627.npy,4.8835,10.1249,-5.2414,0.0002,0.2517,-0.2514,Severe Detail Loss,False,True,False
50,000640.npy,5.7648,21.1554,-15.3906,0.0154,0.404,-0.3887,Severe Detail Loss,False,True,False
51,000641.npy,5.0327,18.7738,-13.7412,0.0031,0.3868,-0.3837,Severe Detail Loss,False,True,False
52,000646.npy,4.7332,21.8537,-17.1205,0.0091,0.4877,-0.4786,Severe Detail Loss,False,True,False
53,000648.npy,4.7739,21.7619,-16.988,0.0056,0.6914,-0.6858,Severe Detail Loss,False,True,False
54,000659.npy,3.3165,19.1021,-15.7856,0.0079,0.5011,-0.4932,Severe Detail Loss,False,True,False
55,000663.npy,3.4273,19.7776,-16.3503,0.0227,0.225,-0.2022,Severe Detail Loss,False,True,False
56,000683.npy,7.5052,23.887,-16.3818,0.0379,0.6854,-0.6475,Severe Detail Loss,False,True,False
57,000698.npy,1.6247,19.7022,-18.0775,0.0204,0.2225,-0.2021,Severe Detail Loss,False,True,False
58,000702.npy,13.5965,25.6773,-12.0807,0.0182,0.5067,-0.4885,Severe Detail Loss,False,True,False
59,000709.npy,17.2169,33.1386,-15.9217,0.2802,0.8865,-0.6063,Severe Detail Loss,False,True,False
60,000747.npy,4.8825,23.0993,-18.2168,0.0218,0.2679,-0.2462,Severe Detail Loss,False,True,False
61,000763.npy,5.5941,20.1534,-14.5593,0.0057,0.2906,-0.2849,Severe Detail Loss,False,True,False
62,000766.npy,9.5179,24.7242,-15.2063,0.0453,0.6945,-0.6492,Severe Detail Loss,False,True,False
63,000769.npy,7.9691,25.9128,-17.9437,0.0214,0.5083,-0.4869,Severe Detail Loss,False,True,False
64,000775.npy,8.8691,23.9632,-15.0941,0.0837,0.5617,-0.478,Severe Detail Loss,False,True,False
65,000779.npy,3.9153,19.5065,-15.5912,0.0076,0.4456,-0.438,Severe Detail Loss,False,True,False
66,000791.npy,7.328,24.9449,-17.6169,0.1441,0.6017,-0.4576,Severe Detail Loss,False,True,False
67,000795.npy,9.3659,25.0729,-15.7071,0.0117,0.6279,-0.6162,Severe Detail Loss,False,True,False
68,000804.npy,7.454,19.6705,-12.2165,0.0073,0.5867,-0.5795,Severe Detail Loss,False,True,False
69,000815.npy,8.7278,22.0539,-13.3261,0.066,0.6673,-0.6013,Severe Detail Loss,False,True,False
70,000835.npy,7.406,22.387,-14.981,0.027,0.6861,-0.6592,Severe Detail Loss,False,True,False
71,000854.npy,6.8982,20.9065,-14.0083,0.0061,0.5208,-0.5147,Severe Detail Loss,False,True,False
72,000860.npy,9.4211,26.1128,-16.6917,0.0705,0.8069,-0.7363,Severe Detail Loss,False,True,False
73,000863.npy,3.3987,19.8508,-16.4521,0.0109,0.4052,-0.3944,Severe Detail Loss,False,True,False
74,000870.npy,5.9883,20.9604,-14.972,0.0072,0.2897,-0.2825,Severe Detail Loss,False,True,False
75,000877.npy,10.9505,26.8481,-15.8976,0.0358,0.4979,-0.4622,Severe Detail Loss,False,True,False
76,000878.npy,10.8192,28.643,-17.8238,0.0355,0.5828,-0.5473,Severe Detail Loss,False,True,False
77,000880.npy,5.5186,22.5721,-17.0535,0.0144,0.3562,-0.3418,Severe Detail Loss,False,True,False
78,000955.npy,6.5753,22.5683,-15.993,0.0221,0.2828,-0.2607,Severe Detail Loss,False,True,False
79,000956.npy,6.1522,21.3006,-15.1484,0.0107,0.5624,-0.5518,Severe Detail Loss,False,True,False
80,000960.npy,9.254,27.3012,-18.0472,0.0296,0.441,-0.4114,Severe Detail Loss,False,True,False
81,000972.npy,4.8064,23.2092,-18.4028,0.0318,0.5073,-0.4755,Severe Detail Loss,False,True,False
82,000975.npy,10.3782,26.722,-16.3438,0.058,0.6987,-0.6407,Severe Detail Loss,False,True,False
83,000995.npy,5.7458,23.6182,-17.8724,0.0205,0.3156,-0.2952,Severe Detail Loss,False,True,False
84,001016.npy,7.9015,23.6503,-15.7487,0.0212,0.6,-0.5788,Severe Detail Loss,False,True,False
85,001020.npy,8.7374,23.0865,-14.3491,0.0141,0.656,-0.6419,Severe Detail Loss,False,True,False
86,001021.npy,11.999,23.9578,-11.9588,0.0153,0.661,-0.6457,Severe Detail Loss,False,True,False
87,001028.npy,6.4523,23.57,-17.1177,0.0312,0.5946,-0.5634,Severe Detail Loss,False,True,False
88,001038.npy,3.9436,20.6727,-16.7291,0.0105,0.4001,-0.3896,Severe Detail Loss,False,True,False
89,001051.npy,1.8686,21.5328,-19.6641,0.0155,0.3117,-0.2962,Severe Detail Loss,False,True,False
90,001059.npy,5.0683,20.9432,-15.8748,0.0042,0.5988,-0.5947,Severe Detail Loss,False,True,False
91,001076.npy,5.2272,21.215,-15.9878,0.0053,0.5729,-0.5676,Severe Detail Loss,False,True,False
92,001082.npy,4.2384,23.4455,-19.2071,0.0261,0.3246,-0.2986,Severe Detail Loss,False,True,False
93,001095.npy,13.9018,31.8042,-17.9024,0.0733,0.8144,-0.7411,Severe Detail Loss,False,True,False
94,001129.npy,7.5033,23.9754,-16.4721,0.0282,0.476,-0.4478,Severe Detail Loss,False,True,False
95,001130.npy,7.5681,25.4078,-17.8397,0.0336,0.5216,-0.4881,Severe Detail Loss,False,True,False
96,001136.npy,9.3962,24.7413,-15.3452,0.0265,0.7895,-0.763,Severe Detail Loss,False,True,False
97,001147.npy,6.249,21.6623,-15.4133,0.0225,0.5318,-0.5093,Severe Detail Loss,False,True,False
98,001152.npy,4.5898,19.3769,-14.787,0.0067,0.5761,-0.5694,Severe Detail Loss,False,True,False
99,001153.npy,6.1165,22.7226,-16.6061,0.0128,0.5995,-0.5868,Severe Detail Loss,False,True,False
100,001154.npy,5.4715,21.6208,-16.1493,0.0122,0.4895,-0.4773,Severe Detail Loss,False,True,False
101,001158.npy,10.7513,24.459,-13.7077,0.0183,0.4282,-0.4099,Severe Detail Loss,False,True,False
102,001162.npy,3.6185,21.9358,-18.3172,0.018,0.2808,-0.2629,Severe Detail Loss,False,True,False
103,001180.npy,8.585,22.7926,-14.2076,0.0164,0.736,-0.7196,Severe Detail Loss,False,True,False
104,001183.npy,6.609,22.2111,-15.6022,0.0097,0.549,-0.5394,Severe Detail Loss,False,True,False
105,001184.npy,4.981,22.1373,-17.1562,0.0072,0.6082,-0.601,Severe Detail Loss,False,True,False
106,001215.npy,4.9581,19.5648,-14.6067,0.0148,0.6375,-0.6227,Severe Detail Loss,False,True,False
107,001218.npy,12.98,25.3829,-12.4029,0.0377,0.7217,-0.684,Severe Detail Loss,False,True,False
108,001238.npy,14.4754,29.0081,-14.5327,0.0331,0.8144,-0.7813,Severe Detail Loss,False,True,False
109,001257.npy,4.6075,21.055,-16.4475,0.0245,0.1576,-0.1331,Severe Detail Loss,False,True,False
110,001267.npy,8.4574,24.587,-16.1296,0.0797,0.6644,-0.5847,Severe Detail Loss,False,True,False
111,001275.npy,9.9005,26.1293,-16.2288,0.1177,0.7786,-0.6609,Severe Detail Loss,False,True,False
112,001282.npy,11.005,20.8398,-9.8347,0.0058,0.4511,-0.4453,Severe Detail Loss,False,True,False
113,001291.npy,13.5724,22.7314,-9.159,0.0222,0.7359,-0.7137,Severe Detail Loss,False,True,False
114,001294.npy,15.614,28.5515,-12.9375,0.0485,0.71,-0.6615,Severe Detail Loss,False,True,False
115,001297.npy,4.3826,21.6588,-17.2762,0.0183,0.2973,-0.279,Severe Detail Loss,False,True,False
116,001300.npy,5.9882,22.25,-16.2618,0.0261,0.3079,-0.2818,Severe Detail Loss,False,True,False
117,001306.npy,2.4419,19.0668,-16.6249,0.0052,0.4001,-0.3948,Severe Detail Loss,False,True,False
118,001327.npy,10.1323,22.6003,-12.468,0.0337,0.7224,-0.6887,Severe Detail Loss,False,True,False
119,001354.npy,6.08,22.2067,-16.1267,0.0171,0.3541,-0.337,Severe Detail Loss,False,True,False
120,001363.npy,5.8907,21.1802,-15.2895,0.0063,0.3411,-0.3348,Severe Detail Loss,False,True,False
121,001367.npy,5.9912,21.5907,-15.5995,0.0183,0.3528,-0.3345,Severe Detail Loss,False,True,False
122,001369.npy,6.0459,21.1458,-15.0999,0.0044,0.6147,-0.6103,Severe Detail Loss,False,True,False
123,001390.npy,5.2614,23.7161,-18.4548,0.0208,0.3431,-0.3224,Severe Detail Loss,False,True,False
124,001400.npy,10.5855,27.3762,-16.7907,0.0305,0.7322,-0.7018,Severe Detail Loss,False,True,False
125,001408.npy,14.9169,29.0676,-14.1507,0.1596,0.8528,-0.6932,Severe Detail Loss,False,True,False
126,001415.npy,4.583,19.4906,-14.9076,0.0071,0.6382,-0.6311,Severe Detail Loss,False,True,False
127,001434.npy,1.0764,21.9315,-20.855,0.021,0.2395,-0.2185,Severe Detail Loss,False,True,False
128,001438.npy,7.847,24.2568,-16.4097,0.0229,0.4775,-0.4546,Severe Detail Loss,False,True,False
129,001439.npy,8.1144,25.4203,-17.306,0.0234,0.5597,-0.5362,Severe Detail Loss,False,True,False
130,001443.npy,7.8564,23.0505,-15.1941,0.013,0.5803,-0.5673,Severe Detail Loss,False,True,False
131,001445.npy,16.6171,30.2942,-13.6771,0.2881,0.9238,-0.6357,Severe Detail Loss,False,True,False
132,001478.npy,10.1379,25.4813,-15.3434,0.0526,0.7093,-0.6567,Severe Detail Loss,False,True,False
133,001479.npy,10.5031,27.1863,-16.6832,0.0504,0.752,-0.7017,Severe Detail Loss,False,True,False
134,001482.npy,2.1722,21.3272,-19.1551,0.0125,0.3676,-0.355,Severe Detail Loss,False,True,False
135,001484.npy,4.075,20.9752,-16.9002,0.0395,0.3597,-0.3202,Severe Detail Loss,False,True,False
136,001485.npy,3.5044,20.225,-16.7206,0.0271,0.2943,-0.2672,Severe Detail Loss,False,True,False
137,001495.npy,5.0192,21.9003,-16.8811,0.1177,0.5533,-0.4356,Severe Detail Loss,False,True,False
138,001496.npy,4.1341,22.6683,-18.5341,0.0265,0.4445,-0.418,Severe Detail Loss,False,True,False
139,001500.npy,6.7354,23.5589,-16.8235,0.0139,0.4041,-0.3902,Severe Detail Loss,False,True,False
140,001515.npy,15.8083,25.4152,-9.6069,0.0436,0.7334,-0.6898,Severe Detail Loss,False,True,False
141,001520.npy,4.8658,21.6793,-16.8135,0.0136,0.4974,-0.4838,Severe Detail Loss,False,True,False
142,001522.npy,7.502,25.4573,-17.9553,0.0188,0.6505,-0.6317,Severe Detail Loss,False,True,False
143,001527.npy,9.82,26.235,-16.4151,0.0558,0.568,-0.5123,Severe Detail Loss,False,True,False
144,001528.npy,5.8276,20.5605,-14.7329,0.0125,0.4212,-0.4087,Severe Detail Loss,False,True,False
145,001529.npy,10.1498,26.4448,-16.2951,0.0208,0.5451,-0.5243,Severe Detail Loss,False,True,False
146,001534.npy,12.7753,25.4353,-12.66,0.0307,0.6265,-0.5958,Severe Detail Loss,False,True,False
147,001570.npy,14.0314,26.7592,-12.7278,0.0192,0.5554,-0.5362,Severe Detail Loss,False,True,False
148,001579.npy,18.9313,32.0047,-13.0734,0.1626,0.8036,-0.641,Severe Detail Loss,False,True,False
149,001585.npy,6.957,21.8468,-14.8898,0.0134,0.673,-0.6596,Severe Detail Loss,False,True,False
150,001589.npy,7.0761,20.7985,-13.7224,0.0115,0.6027,-0.5913,Severe Detail Loss,False,True,False
151,001597.npy,3.042,21.3142,-18.2722,0.0138,0.3195,-0.3057,Severe Detail Loss,False,True,False
152,001603.npy,11.2377,24.2138,-12.9762,0.0112,0.6845,-0.6733,Severe Detail Loss,False,True,False
153,001631.npy,8.2079,24.5435,-16.3356,0.0152,0.7127,-0.6974,Severe Detail Loss,False,True,False
154,001634.npy,5.909,22.8258,-16.9169,0.0156,0.3363,-0.3207,Severe Detail Loss,False,True,False
155,001636.npy,2.7451,18.376,-15.631,0.0142,0.4719,-0.4577,Severe Detail Loss,False,True,False
156,001638.npy,11.2295,21.3166,-10.0871,0.0668,0.7318,-0.665,Severe Detail Loss,False,True,False
157,001643.npy,15.6937,31.0137,-15.32,0.0415,0.7376,-0.6961,Severe Detail Loss,False,True,False
158,001648.npy,5.402,21.3266,-15.9246,0.0229,0.6404,-0.6175,Severe Detail Loss,False,True,False
159,001661.npy,4.0411,22.4299,-18.3888,0.0172,0.5577,-0.5405,Severe Detail Loss,False,True,False
160,001663.npy,4.0252,20.737,-16.7118,0.0174,0.4896,-0.4722,Severe Detail Loss,False,True,False
161,001678.npy,11.0835,25.6992,-14.6157,0.029,0.5899,-0.5609,Severe Detail Loss,False,True,False
162,001682.npy,7.5712,24.4202,-16.8491,0.0202,0.7076,-0.6874,Severe Detail Loss,False,True,False
163,001685.npy,2.8222,20.3371,-17.5149,0.0202,0.2994,-0.2792,Severe Detail Loss,False,True,False
164,001695.npy,7.6998,23.1439,-15.4442,0.0323,0.6959,-0.6636,Severe Detail Loss,False,True,False
165,001696.npy,7.7993,24.0144,-16.215,0.0805,0.7779,-0.6974,Severe Detail Loss,False,True,False
166,001698.npy,14.5278,27.5099,-12.9821,0.0283,0.5649,-0.5367,Severe Detail Loss,False,True,False
167,001704.npy,5.2674,22.5967,-17.3293,0.0206,0.4683,-0.4477,Severe Detail Loss,False,True,False
168,001707.npy,5.5494,23.0564,-17.507,0.0253,0.3342,-0.3089,Severe Detail Loss,False,True,False
169,001722.npy,7.5184,23.8638,-16.3454,0.0118,0.6796,-0.6678,Severe Detail Loss,False,True,False
170,001733.npy,10.5328,26.4194,-15.8866,0.063,0.6625,-0.5995,Severe Detail Loss,False,True,False
171,001734.npy,13.0739,28.4797,-15.4058,0.0609,0.7052,-0.6442,Severe Detail Loss,False,True,False
172,001751.npy,3.6547,21.4383,-17.7836,0.011,0.3956,-0.3847,Severe Detail Loss,False,True,False
173,001757.npy,8.5987,25.8623,-17.2635,0.0306,0.5473,-0.5167,Severe Detail Loss,False,True,False
174,001759.npy,8.0585,25.0746,-17.0161,0.0298,0.496,-0.4662,Severe Detail Loss,False,True,False
175,001768.npy,2.6807,20.3594,-17.6786,0.019,0.1826,-0.1636,Severe Detail Loss,False,True,False
176,001787.npy,3.4899,21.8137,-18.3238,0.0123,0.567,-0.5547,Severe Detail Loss,False,True,False
177,001794.npy,2.7575,18.2281,-15.4706,0.0093,0.322,-0.3127,Severe Detail Loss,False,True,False
178,001796.npy,15.2484,30.4386,-15.1901,0.0369,0.8225,-0.7857,Severe Detail Loss,False,True,False
179,001802.npy,8.6927,25.7187,-17.026,0.0432,0.5291,-0.4859,Severe Detail Loss,False,True,False
180,001806.npy,5.9211,21.5685,-15.6475,0.0128,0.5484,-0.5356,Severe Detail Loss,False,True,False
181,001819.npy,8.4875,25.5461,-17.0586,0.1834,0.6559,-0.4725,Severe Detail Loss,False,True,False
182,001843.npy,9.3227,24.9578,-15.6351,0.0317,0.6326,-0.6009,Severe Detail Loss,False,True,False
183,001853.npy,5.0647,23.0558,-17.991,0.0164,0.4534,-0.437,Severe Detail Loss,False,True,False
184,001863.npy,5.5168,22.1845,-16.6677,0.0202,0.2992,-0.279,Severe Detail Loss,False,True,False
185,001881.npy,4.1762,21.4165,-17.2403,0.0081,0.5492,-0.541,Severe Detail Loss,False,True,False
186,001884.npy,1.3623,19.4431,-18.0808,0.0189,0.1063,-0.0873,Severe Detail Loss,False,True,False
187,001895.npy,6.0778,22.2807,-16.2029,0.0181,0.4666,-0.4485,Severe Detail Loss,False,True,False
188,001899.npy,5.3917,20.89,-15.4983,0.0112,0.2343,-0.223,Severe Detail Loss,False,True,False
189,001919.npy,9.353,24.6217,-15.2687,0.0172,0.7354,-0.7182,Severe Detail Loss,False,True,False
190,001923.npy,3.8667,21.4922,-17.6255,0.0147,0.5686,-0.5539,Severe Detail Loss,False,True,False
191,001930.npy,8.5586,22.3037,-13.7451,0.0077,0.6251,-0.6173,Severe Detail Loss,False,True,False
192,001955.npy,18.6012,31.7727,-13.1715,0.159,0.9087,-0.7496,Severe Detail Loss,False,True,False
193,001959.npy,6.4011,23.8886,-17.4875,0.0181,0.3701,-0.352,Severe Detail Loss,False,True,False
194,001969.npy,3.4716,21.8897,-18.4181,0.0134,0.288,-0.2746,Severe Detail Loss,False,True,False
195,001981.npy,3.4376,20.3532,-16.9156,0.0105,0.5699,-0.5594,Severe Detail Loss,False,True,False
196,001986.npy,3.8502,21.9263,-18.0761,0.0184,0.2779,-0.2595,Severe Detail Loss,False,True,False
197,001998.npy,10.1282,26.9144,-16.7862,0.0251,0.6723,-0.6472,Severe Detail Loss,False,True,False
198,002027.npy,4.9614,20.4907,-15.5293,0.0153,0.3196,-0.3042,Severe Detail Loss,False,True,False
199,002038.npy,4.3478,19.6674,-15.3196,0.0099,0.2328,-0.2229,Severe Detail Loss,False,True,False
200,002041.npy,2.3005,16.2389,-13.9384,0.0018,0.4845,-0.4826,Severe Detail Loss,False,True,False
201,002047.npy,5.3561,19.6314,-14.2753,0.0173,0.3251,-0.3077,Severe Detail Loss,False,True,False
202,002049.npy,15.0188,29.6005,-14.5817,0.0471,0.7467,-0.6996,Severe Detail Loss,False,True,False
203,002056.npy,10.9401,26.9115,-15.9714,0.1773,0.8075,-0.6302,Severe Detail Loss,False,True,False
204,002061.npy,5.6286,22.0774,-16.4488,0.0156,0.3661,-0.3506,Severe Detail Loss,False,True,False
205,002062.npy,5.7103,21.4899,-15.7796,0.0149,0.3542,-0.3393,Severe Detail Loss,False,True,False
206,002068.npy,7.009,22.4829,-15.4739,0.0436,0.5949,-0.5513,Severe Detail Loss,False,True,False
207,002088.npy,7.6234,22.9237,-15.3003,0.0121,0.6299,-0.6177,Severe Detail Loss,False,True,False
208,002101.npy,4.8455,21.3377,-16.4922,0.0255,0.4783,-0.4527,Severe Detail Loss,False,True,False
209,002135.npy,7.1895,21.3906,-14.2011,0.0051,0.6366,-0.6315,Severe Detail Loss,False,True,False
210,002139.npy,5.3881,22.4303,-17.0422,0.0619,0.6271,-0.5652,Severe Detail Loss,False,True,False
211,002146.npy,6.0868,21.4829,-15.3962,0.0047,0.6019,-0.5972,Severe Detail Loss,False,True,False
212,002160.npy,6.7313,21.9577,-15.2264,0.0155,0.4008,-0.3853,Severe Detail Loss,False,True,False
213,002169.npy,3.288,21.5589,-18.2709,0.0176,0.5318,-0.5142,Severe Detail Loss,False,True,False
214,002182.npy,3.7794,21.6862,-17.9068,0.0117,0.4875,-0.4758,Severe Detail Loss,False,True,False
215,002191.npy,2.8948,20.6613,-17.7665,0.0137,0.378,-0.3643,Severe Detail Loss,False,True,False
216,002198.npy,14.3474,28.8846,-14.5372,0.0591,0.7608,-0.7017,Severe Detail Loss,False,True,False
217,002199.npy,16.7082,31.3176,-14.6094,0.0948,0.8372,-0.7425,Severe Detail Loss,False,True,False
218,002200.npy,4.4854,19.6827,-15.1972,0.0136,0.3528,-0.3392,Severe Detail Loss,False,True,False
219,002214.npy,17.4558,32.2015,-14.7456,0.0506,0.8078,-0.7571,Severe Detail Loss,False,True,False
220,002235.npy,1.5832,19.7529,-18.1697,0.013,0.2613,-0.2484,Severe Detail Loss,False,True,False
221,002237.npy,6.8746,21.7947,-14.9201,0.0657,0.6686,-0.6028,Severe Detail Loss,False,True,False
222,002253.npy,3.3525,20.9376,-17.5851,0.0087,0.401,-0.3922,Severe Detail Loss,False,True,False
223,002255.npy,3.308,19.9662,-16.6581,0.0089,0.3628,-0.354,Severe Detail Loss,False,True,False
224,002264.npy,2.109,18.4445,-16.3355,0.0081,0.5332,-0.5251,Severe Detail Loss,False,True,False
225,002267.npy,11.9778,24.7737,-12.7959,0.0471,0.8288,-0.7817,Severe Detail Loss,False,True,False
226,002278.npy,4.7498,22.1283,-17.3785,0.0136,0.2774,-0.2638,Severe Detail Loss,False,True,False
227,002294.npy,9.4355,23.2881,-13.8525,0.0219,0.7115,-0.6896,Severe Detail Loss,False,True,False
228,002300.npy,3.7676,21.6241,-17.8565,0.0078,0.4795,-0.4717,Severe Detail Loss,False,True,False
229,002301.npy,7.186,23.4659,-16.2799,0.0288,0.3739,-0.3451,Severe Detail Loss,False,True,False
230,002317.npy,2.5484,17.2164,-14.668,0.0022,0.5492,-0.5471,Severe Detail Loss,False,True,False
231,002324.npy,3.5655,22.487,-18.9215,0.0242,0.3919,-0.3677,Severe Detail Loss,False,True,False
232,002327.npy,2.7481,21.4291,-18.681,0.0159,0.306,-0.29,Severe Detail Loss,False,True,False
233,002336.npy,3.6297,19.6435,-16.0138,0.0169,0.4805,-0.4636,Severe Detail Loss,False,True,False
234,002343.npy,4.5864,22.7346,-18.1482,0.0157,0.3832,-0.3674,Severe Detail Loss,False,True,False
235,002363.npy,7.2701,22.4391,-15.169,0.0207,0.695,-0.6743,Severe Detail Loss,False,True,False
236,002385.npy,3.6652,18.2893,-14.624,0.0064,0.2545,-0.2481,Severe Detail Loss,False,True,False
237,002391.npy,2.0281,19.4142,-17.3861,0.0111,0.2618,-0.2507,Severe Detail Loss,False,True,False
238,002393.npy,5.366,18.9204,-13.5543,0.0063,0.6038,-0.5975,Severe Detail Loss,False,True,False
239,002432.npy,1.4739,20.0433,-18.5695,0.018,0.1912,-0.1732,Severe Detail Loss,False,True,False
240,002433.npy,9.8597,25.2706,-15.4109,0.0253,0.6447,-0.6194,Severe Detail Loss,False,True,False
241,002435.npy,8.5608,22.8159,-14.2551,0.0204,0.5374,-0.517,Severe Detail Loss,False,True,False
242,002449.npy,10.5415,27.0226,-16.4811,0.0378,0.6081,-0.5703,Severe Detail Loss,False,True,False
243,002450.npy,10.6314,26.6873,-16.0559,0.0383,0.5956,-0.5573,Severe Detail Loss,False,True,False
244,002454.npy,5.9562,22.0011,-16.0449,0.0084,0.6192,-0.6108,Severe Detail Loss,False,True,False
245,002489.npy,3.646,20.3227,-16.6767,0.0153,0.2037,-0.1884,Severe Detail Loss,False,True,False
246,002511.npy,2.3627,18.0181,-15.6555,0.0076,0.2783,-0.2707,Severe Detail Loss,False,True,False
247,002520.npy,11.0689,25.0626,-13.9937,0.0481,0.6486,-0.6006,Severe Detail Loss,False,True,False
248,002532.npy,7.6209,22.7165,-15.0955,0.0188,0.5879,-0.569,Severe Detail Loss,False,True,False
249,002556.npy,9.0124,26.2903,-17.2779,0.0192,0.723,-0.7038,Severe Detail Loss,False,True,False
250,002557.npy,10.0749,24.2329,-14.158,0.0187,0.6665,-0.6478,Severe Detail Loss,False,True,False
251,002558.npy,10.0885,25.7576,-15.6691,0.0184,0.7305,-0.7121,Severe Detail Loss,False,True,False
252,002568.npy,7.3412,24.7869,-17.4457,0.0187,0.5901,-0.5714,Severe Detail Loss,False,True,False
253,002572.npy,4.6389,23.8598,-19.2209,0.0657,0.5812,-0.5156,Severe Detail Loss,False,True,False
254,002598.npy,8.8329,23.5574,-14.7245,0.0291,0.771,-0.7419,Severe Detail Loss,False,True,False
255,002604.npy,2.8821,21.1305,-18.2484,0.0138,0.2777,-0.2639,Severe Detail Loss,False,True,False
256,002612.npy,3.6254,20.6445,-17.0191,0.0179,0.3149,-0.2971,Severe Detail Loss,False,True,False
257,002613.npy,3.0771,20.6,-17.5228,0.0246,0.3379,-0.3133,Severe Detail Loss,False,True,False
258,002625.npy,4.0919,18.9862,-14.8943,0.0086,0.2232,-0.2146,Severe Detail Loss,False,True,False
259,002640.npy,4.2314,20.9036,-16.6723,0.0098,0.5103,-0.5005,Severe Detail Loss,False,True,False
260,002660.npy,5.0064,21.0494,-16.043,0.0179,0.3975,-0.3796,Severe Detail Loss,False,True,False
261,002675.npy,6.1409,22.3811,-16.2402,0.0142,0.4832,-0.469,Severe Detail Loss,False,True,False
262,002680.npy,10.4446,24.8473,-14.4028,0.0595,0.7347,-0.6752,Severe Detail Loss,False,True,False
263,002690.npy,4.9233,21.5637,-16.6404,0.0522,0.5047,-0.4525,Severe Detail Loss,False,True,False
264,002693.npy,0.5883,19.9666,-19.3783,0.0172,0.1409,-0.1237,Severe Detail Loss,False,True,False
265,002695.npy,6.0005,20.0439,-14.0434,0.0052,0.2961,-0.291,Severe Detail Loss,False,True,False
266,002729.npy,1.367,19.7441,-18.3771,0.0177,0.1379,-0.1201,Severe Detail Loss,False,True,False
267,002731.npy,2.0659,21.1134,-19.0475,0.0177,0.2111,-0.1934,Severe Detail Loss,False,True,False
268,002734.npy,2.398,19.5637,-17.1657,0.0156,0.3016,-0.286,Severe Detail Loss,False,True,False
269,002747.npy,10.1427,25.2739,-15.1312,0.0242,0.5414,-0.5172,Severe Detail Loss,False,True,False
270,002767.npy,7.3158,23.8522,-16.5364,0.0277,0.3458,-0.3181,Severe Detail Loss,False,True,False
271,002773.npy,6.4176,24.1657,-17.7481,0.0153,0.6313,-0.616,Severe Detail Loss,False,True,False
272,002777.npy,11.5606,22.2062,-10.6457,0.0275,0.7012,-0.6737,Severe Detail Loss,False,True,False
273,002790.npy,6.0716,20.7118,-14.6402,0.0051,0.456,-0.4509,Severe Detail Loss,False,True,False
274,002796.npy,2.3044,20.1334,-17.829,0.0141,0.2614,-0.2473,Severe Detail Loss,False,True,False
275,002799.npy,4.5436,22.303,-17.7594,0.0137,0.2744,-0.2607,Severe Detail Loss,False,True,False
276,002811.npy,16.0456,27.8984,-11.8528,0.0415,0.6297,-0.5882,Severe Detail Loss,False,True,False
277,002814.npy,5.1561,23.1961,-18.04,0.0228,0.5978,-0.575,Severe Detail Loss,False,True,False
278,002824.npy,5.7236,20.9498,-15.2262,0.0146,0.558,-0.5434,Severe Detail Loss,False,True,False
279,002842.npy,1.546,20.8641,-19.3181,0.0158,0.2418,-0.226,Severe Detail Loss,False,True,False
280,002848.npy,6.0032,23.3829,-17.3797,0.0197,0.3988,-0.3791,Severe Detail Loss,False,True,False
281,002853.npy,10.8371,20.7249,-9.8877,0.0433,0.7246,-0.6813,Severe Detail Loss,False,True,False
282,002863.npy,7.2524,22.69,-15.4377,0.0077,0.6795,-0.6718,Severe Detail Loss,False,True,False
283,002869.npy,5.5045,23.0208,-17.5163,0.0286,0.3808,-0.3522,Severe Detail Loss,False,True,False
284,002879.npy,9.7271,24.0885,-14.3615,0.0307,0.6834,-0.6527,Severe Detail Loss,False,True,False
285,002888.npy,4.1563,20.9066,-16.7503,0.0144,0.363,-0.3486,Severe Detail Loss,False,True,False
286,002896.npy,6.4983,22.3974,-15.8991,0.0175,0.4627,-0.4452,Severe Detail Loss,False,True,False
287,002904.npy,8.3418,23.9069,-15.5651,0.0351,0.5971,-0.562,Severe Detail Loss,False,True,False
288,002911.npy,12.6043,27.403,-14.7986,0.0227,0.5738,-0.5511,Severe Detail Loss,False,True,False
289,002919.npy,3.2161,21.1143,-17.8982,0.0153,0.4235,-0.4082,Severe Detail Loss,False,True,False
290,002931.npy,5.2645,20.4716,-15.2072,0.0063,0.4728,-0.4665,Severe Detail Loss,False,True,False
291,002939.npy,4.8151,22.7242,-17.9092,0.0193,0.4796,-0.4603,Severe Detail Loss,False,True,False
292,002945.npy,7.0029,22.5504,-15.5474,0.0054,0.6684,-0.663,Severe Detail Loss,False,True,False
293,002959.npy,7.4531,23.6473,-16.1942,0.0204,0.5677,-0.5473,Severe Detail Loss,False,True,False
294,002977.npy,17.598,27.4147,-9.8168,0.0576,0.6758,-0.6181,Severe Detail Loss,False,True,False
295,003003.npy,8.6252,24.738,-16.1127,0.0284,0.3381,-0.3096,Severe Detail Loss,False,True,False
296,003005.npy,11.6574,23.6049,-11.9475,0.0698,0.7611,-0.6912,Severe Detail Loss,False,True,False
297,003016.npy,3.5581,20.0269,-16.4689,0.0089,0.6287,-0.6199,Severe Detail Loss,False,True,False
298,003019.npy,6.2984,21.817,-15.5187,0.0126,0.26,-0.2474,Severe Detail Loss,False,True,False
299,003033.npy,4.6435,20.0981,-15.4546,0.0073,0.4618,-0.4545,Severe Detail Loss,False,True,False
300,003045.npy,4.1585,21.5679,-17.4094,0.0145,0.2211,-0.2065,Severe Detail Loss,False,True,False
301,003056.npy,7.0046,21.5095,-14.5049,0.0136,0.5068,-0.4932,Severe Detail Loss,False,True,False
302,003065.npy,9.5924,25.2495,-15.6571,0.0268,0.6842,-0.6574,Severe Detail Loss,False,True,False
303,003072.npy,10.0264,23.2699,-13.2434,0.0253,0.6209,-0.5956,Severe Detail Loss,False,True,False
304,003073.npy,10.4736,26.0064,-15.5328,0.0302,0.4378,-0.4077,Severe Detail Loss,False,True,False
305,003080.npy,5.2674,23.3666,-18.0992,0.024,0.5054,-0.4815,Severe Detail Loss,False,True,False
306,003090.npy,9.8217,24.3468,-14.525,0.0172,0.631,-0.6138,Severe Detail Loss,False,True,False
307,003092.npy,5.6213,21.2199,-15.5985,0.0166,0.3061,-0.2895,Severe Detail Loss,False,True,False
308,003105.npy,13.0034,29.0008,-15.9974,0.1236,0.8302,-0.7066,Severe Detail Loss,False,True,False
309,003107.npy,13.7897,30.079,-16.2894,0.1213,0.8564,-0.7352,Severe Detail Loss,False,True,False
310,003110.npy,2.9016,20.4983,-17.5968,0.0149,0.3319,-0.317,Severe Detail Loss,False,True,False
311,003113.npy,9.6854,23.574,-13.8886,0.0382,0.7341,-0.696,Severe Detail Loss,False,True,False
312,003116.npy,1.8182,20.1127,-18.2945,0.0173,0.136,-0.1187,Severe Detail Loss,False,True,False
313,003120.npy,10.3558,28.6339,-18.2781,0.037,0.6599,-0.6229,Severe Detail Loss,False,True,False
314,003129.npy,1.5541,20.3273,-18.7732,0.0143,0.1756,-0.1613,Severe Detail Loss,False,True,False
315,003138.npy,11.684,23.1135,-11.4294,0.0169,0.6838,-0.6669,Severe Detail Loss,False,True,False
316,003160.npy,6.1929,21.3205,-15.1275,0.0166,0.4347,-0.4181,Severe Detail Loss,False,True,False
317,003171.npy,11.4659,26.5437,-15.0778,0.0418,0.6821,-0.6403,Severe Detail Loss,False,True,False
318,003174.npy,6.9147,23.4011,-16.4864,0.0223,0.3932,-0.3709,Severe Detail Loss,False,True,False
319,003185.npy,10.2507,24.3167,-14.066,0.0821,0.8141,-0.7321,Severe Detail Loss,False,True,False
