canonical_id,sample_filename,airnet_psnr,bicubic_psnr,psnr_difference,airnet_ssim,bicubic_ssim,ssim_difference,hf_retention_ratio,airnet_gradient_energy,gt_gradient_energy,airnet_laplacian_energy,gt_laplacian_energy,detail_loss_classification,airnet_mae_residual
0,000001.npy,8.9551,25.4811,-16.526,0.0256,0.5694,-0.5438,0.566021,0.00097823,0.06769404,0.00401702,0.00253859,Severe Detail Loss,0.320628
1,000021.npy,7.9191,25.4854,-17.5662,0.0262,0.4827,-0.4565,0.28567,0.00089604,0.10694082,0.00495524,0.00598106,Severe Detail Loss,0.377148
2,000034.npy,3.1957,20.2754,-17.0798,0.0158,0.4422,-0.4265,0.122476,0.00101221,0.55557221,0.01204103,0.03476007,Severe Detail Loss,0.624815
3,000064.npy,2.1724,21.6095,-19.4371,0.014,0.3969,-0.383,0.275451,0.00098249,0.34464985,0.01540407,0.01919528,Severe Detail Loss,0.725087
4,000095.npy,14.509,30.5314,-16.0224,0.0576,0.741,-0.6834,0.238051,0.00100977,0.03830189,0.0018027,0.00389485,Severe Detail Loss,0.146731
5,000098.npy,8.462,24.7249,-16.2629,0.0215,0.5756,-0.5541,0.134982,0.00098884,0.13136896,0.00425279,0.01800719,Severe Detail Loss,0.334726
6,000103.npy,5.2849,22.5519,-17.267,0.0219,0.3208,-0.2989,0.413602,0.0008665,0.09579019,0.00837631,0.0086032,Severe Detail Loss,0.505578
7,000122.npy,8.2944,23.6759,-15.3815,0.1543,0.6578,-0.5034,0.161332,0.00089896,0.18748188,0.00408159,0.00902321,Severe Detail Loss,0.279531
8,000130.npy,7.0788,22.4303,-15.3515,0.0041,0.7552,-0.7511,0.062567,0.0010217,0.53746951,0.00540274,0.0295712,Severe Detail Loss,0.408875
9,000146.npy,6.1253,21.8315,-15.7062,0.0186,0.2653,-0.2467,0.219352,0.00088866,0.09586621,0.0069847,0.01807402,Severe Detail Loss,0.447787
10,000160.npy,8.6921,26.4448,-17.7528,0.0204,0.7541,-0.7337,0.212812,0.00095,0.1915341,0.00390832,0.00575093,Severe Detail Loss,0.319864
11,000161.npy,9.2388,25.3308,-16.092,0.022,0.7104,-0.6885,0.293312,0.00098368,0.15534717,0.00354733,0.00417045,Severe Detail Loss,0.293246
12,000186.npy,10.9186,26.8964,-15.9778,0.0592,0.7732,-0.714,0.303256,0.0009128,0.08853093,0.00277526,0.00361134,Severe Detail Loss,0.219454
13,000189.npy,8.4177,23.0377,-14.6201,0.0188,0.6773,-0.6585,0.051205,0.00103813,0.3981964,0.00420305,0.03467233,Severe Detail Loss,0.327058
14,000197.npy,5.1833,23.1404,-17.9571,0.0104,0.5555,-0.5451,0.362611,0.00080226,0.17575979,0.00849445,0.0079958,Severe Detail Loss,0.53445
15,000200.npy,6.662,22.8427,-16.1808,0.0119,0.3415,-0.3296,0.10744,0.00089377,0.13270542,0.00635205,0.03548632,Severe Detail Loss,0.438527
16,000201.npy,3.8488,20.4947,-16.6459,0.0421,0.2884,-0.2462,0.418324,0.00104971,0.10249298,0.01092942,0.01200703,Severe Detail Loss,0.561294
17,000202.npy,4.0746,20.837,-16.7624,0.0429,0.3036,-0.2606,0.418994,0.00102857,0.10151152,0.01043489,0.01099262,Severe Detail Loss,0.548571
18,000206.npy,7.1657,19.5628,-12.3971,0.0121,0.5943,-0.5823,0.033275,0.00115957,0.61147523,0.00539832,0.07407206,Severe Detail Loss,0.389076
19,000241.npy,1.0106,20.2173,-19.2067,0.0171,0.1794,-0.1623,0.529173,0.00098047,0.21644658,0.02025593,0.01279266,Severe Detail Loss,0.879924
20,000253.npy,1.7908,20.595,-18.8043,0.0163,0.2168,-0.2005,0.436089,0.00091756,0.22040865,0.01737818,0.01307806,Severe Detail Loss,0.794435
21,000262.npy,9.5674,24.5701,-15.0027,0.063,0.717,-0.6539,0.096016,0.00099876,0.19834012,0.00341379,0.01166224,Severe Detail Loss,0.241607
22,000293.npy,5.3885,21.9055,-16.517,0.009,0.3147,-0.3057,0.115843,0.00085398,0.16254628,0.00820597,0.04391327,Severe Detail Loss,0.499026
23,000317.npy,4.5278,19.3828,-14.855,0.0156,0.2828,-0.2672,0.124276,0.00095654,0.2566939,0.00974267,0.03183611,Severe Detail Loss,0.561363
24,000330.npy,12.2534,27.5525,-15.2991,0.0226,0.8021,-0.7795,0.075367,0.00108963,0.19772638,0.00226898,0.01024674,Severe Detail Loss,0.207014
25,000337.npy,12.8909,28.5028,-15.6119,0.0579,0.6862,-0.6283,0.432843,0.0009558,0.03581953,0.00205327,0.00184515,Severe Detail Loss,0.192732
26,000378.npy,3.0055,19.274,-16.2686,0.0076,0.4386,-0.4311,0.072178,0.0010506,0.59386122,0.01288783,0.08724403,Severe Detail Loss,0.661192
27,000379.npy,2.6497,18.7367,-16.0869,0.0083,0.4029,-0.3946,0.07814,0.00110252,0.59913146,0.01387659,0.08625998,Severe Detail Loss,0.698096
28,000391.npy,16.835,32.1086,-15.2736,0.0812,0.8212,-0.7399,0.209717,0.00095769,0.03769448,0.00153504,0.00309858,Severe Detail Loss,0.115102
29,000392.npy,9.7427,25.6151,-15.8724,0.0582,0.6033,-0.5451,0.207426,0.00097258,0.12272615,0.00338977,0.00536856,Severe Detail Loss,0.281204
30,000397.npy,1.1602,18.6411,-17.4809,0.0081,0.1588,-0.1508,0.219817,0.00102711,0.25699478,0.01966689,0.05326813,Severe Detail Loss,0.870196
31,000400.npy,4.116,21.627,-17.511,0.0316,0.4871,-0.4555,0.330242,0.00105891,0.22287072,0.00972429,0.00982909,Severe Detail Loss,0.511884
32,000403.npy,2.2034,18.7006,-16.4972,0.0174,0.1352,-0.1178,0.451968,0.00093446,0.18258107,0.01585748,0.01236441,Severe Detail Loss,0.771658
33,000418.npy,8.9583,23.3652,-14.4069,0.0159,0.3684,-0.3525,0.109428,0.00097599,0.09238501,0.00395295,0.02020264,Severe Detail Loss,0.316116
34,000452.npy,6.3426,23.8701,-17.5275,0.034,0.5393,-0.5053,0.481995,0.00095056,0.10330898,0.0064045,0.00462543,Severe Detail Loss,0.394068
35,000455.npy,1.8524,19.8572,-18.0048,0.007,0.3575,-0.3506,0.208792,0.00088805,0.3796823,0.01679171,0.03091388,Severe Detail Loss,0.799139
36,000459.npy,8.8859,22.4482,-13.5623,0.0145,0.5953,-0.5808,0.039106,0.00113083,0.45377484,0.00375475,0.04100601,Severe Detail Loss,0.309619
37,000466.npy,5.0883,21.554,-16.4657,0.0105,0.2151,-0.2046,0.12891,0.00083083,0.12164224,0.00873695,0.05316223,Severe Detail Loss,0.520487
38,000474.npy,2.3386,19.4559,-17.1173,0.02,0.2406,-0.2206,0.401435,0.00104488,0.24409311,0.01493786,0.01204581,Severe Detail Loss,0.721377
39,000488.npy,13.4254,26.1835,-12.7581,0.0556,0.7778,-0.7221,0.039364,0.0009649,0.21334431,0.00189952,0.02120231,Severe Detail Loss,0.157779
40,000492.npy,10.3965,23.1989,-12.8024,0.0212,0.732,-0.7108,0.031089,0.00114496,0.37914795,0.00289711,0.03977057,Severe Detail Loss,0.241629
41,000502.npy,4.7824,21.0345,-16.2521,0.0109,0.4184,-0.4075,0.224757,0.00088731,0.23793703,0.00920138,0.01439989,Severe Detail Loss,0.560349
42,000540.npy,1.9306,20.868,-18.9374,0.0114,0.3343,-0.3229,0.402923,0.00083952,0.23407294,0.01675548,0.01506734,Severe Detail Loss,0.793748
43,000562.npy,4.9022,19.1802,-14.278,0.008,0.3728,-0.3648,0.074545,0.00098623,0.39970547,0.00869359,0.05346926,Severe Detail Loss,0.52784
44,000563.npy,5.0482,20.1451,-15.0969,0.0087,0.4132,-0.4045,0.071681,0.00094117,0.38660169,0.00841136,0.05486245,Severe Detail Loss,0.513126
45,000586.npy,8.1278,22.8002,-14.6725,0.0114,0.3633,-0.3519,0.099658,0.00095199,0.11491448,0.00479992,0.02956189,Severe Detail Loss,0.372298
46,000600.npy,5.6912,22.8806,-17.1894,0.041,0.5884,-0.5474,0.549653,0.00093447,0.12113131,0.00718773,0.00444056,Severe Detail Loss,0.399574
47,000608.npy,6.9271,21.8756,-14.9485,0.0162,0.5606,-0.5444,0.075658,0.00108716,0.33634993,0.00570618,0.02880376,Severe Detail Loss,0.386744
48,000623.npy,5.4149,20.5654,-15.1505,0.0062,0.5117,-0.5055,0.075981,0.00088386,0.38382781,0.00801927,0.04186656,Severe Detail Loss,0.522578
49,000627.npy,4.8835,10.1249,-5.2414,0.0002,0.2517,-0.2514,0.003711,0.00200289,2.04575682,0.00715632,1.68495417,Severe Detail Loss,0.490723
50,000640.npy,5.7648,21.1554,-15.3906,0.0154,0.404,-0.3887,0.150486,0.00102554,0.2191886,0.00740828,0.02167266,Severe Detail Loss,0.469289
51,000641.npy,5.0327,18.7738,-13.7412,0.0031,0.3868,-0.3837,0.045606,0.00096347,0.44165373,0.00877941,0.10342124,Severe Detail Loss,0.550698
52,000646.npy,4.7332,21.8537,-17.1205,0.0091,0.4877,-0.4786,0.167151,0.00084067,0.24947485,0.00935766,0.02213978,Severe Detail Loss,0.559695
53,000648.npy,4.7739,21.7619,-16.988,0.0056,0.6914,-0.6858,0.121923,0.00092506,0.53415006,0.00873745,0.02067091,Severe Detail Loss,0.54161
54,000659.npy,3.3165,19.1021,-15.7856,0.0079,0.5011,-0.4932,0.09948,0.0009728,0.70072383,0.01174425,0.03836481,Severe Detail Loss,0.647075
55,000663.npy,3.4273,19.7776,-16.3503,0.0227,0.225,-0.2022,0.451015,0.00103712,0.1174138,0.01214384,0.01138304,Severe Detail Loss,0.624923
56,000683.npy,7.5052,23.887,-16.3818,0.0379,0.6854,-0.6475,0.136388,0.00090935,0.28259486,0.00470668,0.01134681,Severe Detail Loss,0.322695
57,000698.npy,1.6247,19.7022,-18.0775,0.0204,0.2225,-0.2021,0.432496,0.00097327,0.24599323,0.01766753,0.01472945,Severe Detail Loss,0.813249
58,000702.npy,13.5965,25.6773,-12.0807,0.0182,0.5067,-0.4885,0.04427,0.00114709,0.09268619,0.00204191,0.03169175,Severe Detail Loss,0.188947
59,000709.npy,17.2169,33.1386,-15.9217,0.2802,0.8865,-0.6063,0.421261,0.00097435,0.04573828,0.00149416,0.00115691,Severe Detail Loss,0.080407
60,000747.npy,4.8825,23.0993,-18.2168,0.0218,0.2679,-0.2462,0.368467,0.00077996,0.09585631,0.00917802,0.01266387,Severe Detail Loss,0.536039
61,000763.npy,5.5941,20.1534,-14.5593,0.0057,0.2906,-0.2849,0.066745,0.00092251,0.20586446,0.00789677,0.08232036,Severe Detail Loss,0.499357
62,000766.npy,9.5179,24.7242,-15.2063,0.0453,0.6945,-0.6492,0.12638,0.00100975,0.12095583,0.00357059,0.01290478,Severe Detail Loss,0.247691
63,000769.npy,7.9691,25.9128,-17.9437,0.0214,0.5083,-0.4869,0.26845,0.00089371,0.11505586,0.00488142,0.00680161,Severe Detail Loss,0.378835
64,000775.npy,8.8691,23.9632,-15.0941,0.0837,0.5617,-0.478,0.26326,0.001014,0.0822476,0.0039823,0.00650707,Severe Detail Loss,0.284827
65,000779.npy,3.9153,19.5065,-15.5912,0.0076,0.4456,-0.438,0.07839,0.00089778,0.49334019,0.01093248,0.05033382,Severe Detail Loss,0.616439
66,000791.npy,7.328,24.9449,-17.6169,0.1441,0.6017,-0.4576,0.443572,0.00078803,0.06876723,0.00528235,0.00430602,Severe Detail Loss,0.322916
67,000795.npy,9.3659,25.0729,-15.7071,0.0117,0.6279,-0.6162,0.119119,0.00102308,0.16487822,0.00374354,0.01242002,Severe Detail Loss,0.321084
68,000804.npy,7.454,19.6705,-12.2165,0.0073,0.5867,-0.5795,0.030074,0.00115974,0.53263664,0.00508067,0.09124178,Severe Detail Loss,0.380615
69,000815.npy,8.7278,22.0539,-13.3261,0.066,0.6673,-0.6013,0.037741,0.0010974,0.37954587,0.00396782,0.05247335,Severe Detail Loss,0.292877
70,000835.npy,7.406,22.387,-14.981,0.027,0.6861,-0.6592,0.05598,0.00100624,0.43747035,0.00488465,0.03483461,Severe Detail Loss,0.337605
71,000854.npy,6.8982,20.9065,-14.0083,0.0061,0.5208,-0.5147,0.041529,0.00111713,0.3883124,0.00572643,0.07652216,Severe Detail Loss,0.393607
72,000860.npy,9.4211,26.1128,-16.6917,0.0705,0.8069,-0.7363,0.098489,0.00100638,0.22621757,0.00331513,0.0116056,Severe Detail Loss,0.231239
73,000863.npy,3.3987,19.8508,-16.4521,0.0109,0.4052,-0.3944,0.317216,0.00097743,0.24040043,0.01204534,0.01338882,Severe Detail Loss,0.639101
74,000870.npy,5.9883,20.9604,-14.972,0.0072,0.2897,-0.2825,0.079888,0.00085105,0.17109969,0.00727272,0.06285588,Severe Detail Loss,0.475627
75,000877.npy,10.9505,26.8481,-15.8976,0.0358,0.4979,-0.4622,0.382567,0.00093836,0.03531176,0.00275442,0.00306995,Severe Detail Loss,0.258204
76,000878.npy,10.8192,28.643,-17.8238,0.0355,0.5828,-0.5473,0.394187,0.00089425,0.03474388,0.00279883,0.00302246,Severe Detail Loss,0.262194
77,000880.npy,5.5186,22.5721,-17.0535,0.0144,0.3562,-0.3418,0.202953,0.000884,0.11826072,0.00789218,0.02073941,Severe Detail Loss,0.478801
78,000955.npy,6.5753,22.5683,-15.993,0.0221,0.2828,-0.2607,0.304783,0.00087797,0.08160577,0.00647681,0.01041051,Severe Detail Loss,0.437852
79,000956.npy,6.1522,21.3006,-15.1484,0.0107,0.5624,-0.5518,0.067779,0.00102091,0.50272989,0.00658404,0.03085382,Severe Detail Loss,0.449191
80,000960.npy,9.254,27.3012,-18.0472,0.0296,0.441,-0.4114,0.609866,0.00089214,0.03710434,0.00394288,0.00235569,Severe Detail Loss,0.338489
81,000972.npy,4.8064,23.2092,-18.4028,0.0318,0.5073,-0.4755,0.296693,0.00105691,0.19686639,0.00866021,0.00969592,Severe Detail Loss,0.461539
82,000975.npy,10.3782,26.722,-16.3438,0.058,0.6987,-0.6407,0.155087,0.00100299,0.12983179,0.00297032,0.00739331,Severe Detail Loss,0.247784
83,000995.npy,5.7458,23.6182,-17.8724,0.0205,0.3156,-0.2952,0.291928,0.00080017,0.09883884,0.00774566,0.01302359,Severe Detail Loss,0.482803
84,001016.npy,7.9015,23.6503,-15.7487,0.0212,0.6,-0.5788,0.1058,0.00099169,0.24302709,0.00469275,0.01718193,Severe Detail Loss,0.350329
85,001020.npy,8.7374,23.0865,-14.3491,0.0141,0.656,-0.6419,0.064226,0.00105043,0.33504933,0.00403908,0.02517444,Severe Detail Loss,0.326089
86,001021.npy,11.999,23.9578,-11.9588,0.0153,0.661,-0.6457,0.04088,0.00113511,0.22449386,0.0023783,0.02847129,Severe Detail Loss,0.217919
87,001028.npy,6.4523,23.57,-17.1177,0.0312,0.5946,-0.5634,0.198694,0.00092077,0.2438764,0.00624668,0.01109271,Severe Detail Loss,0.411344
88,001038.npy,3.9436,20.6727,-16.7291,0.0105,0.4001,-0.3896,0.165487,0.00085393,0.32512417,0.01092358,0.02315694,Severe Detail Loss,0.613751
89,001051.npy,1.8686,21.5328,-19.6641,0.0155,0.3117,-0.2962,0.390196,0.00089483,0.25674725,0.01684389,0.01469246,Severe Detail Loss,0.771234
90,001059.npy,5.0683,20.9432,-15.8748,0.0042,0.5988,-0.5947,0.074279,0.0009188,0.4747023,0.00842542,0.05140384,Severe Detail Loss,0.532375
91,001076.npy,5.2272,21.215,-15.9878,0.0053,0.5729,-0.5676,0.100871,0.00089259,0.37705067,0.00823297,0.03349553,Severe Detail Loss,0.523094
92,001082.npy,4.2384,23.4455,-19.2071,0.0261,0.3246,-0.2986,0.468034,0.00078551,0.10922682,0.01023623,0.00808221,Severe Detail Loss,0.552189
93,001095.npy,13.9018,31.8042,-17.9024,0.0733,0.8144,-0.7411,0.747514,0.0009648,0.02135481,0.0019548,0.00142234,Severe Detail Loss,0.156243
94,001129.npy,7.5033,23.9754,-16.4721,0.0282,0.476,-0.4478,0.421877,0.00089939,0.10332346,0.0052448,0.00418471,Severe Detail Loss,0.385536
95,001130.npy,7.5681,25.4078,-17.8397,0.0336,0.5216,-0.4881,0.414836,0.00087226,0.09490284,0.00518679,0.00424291,Severe Detail Loss,0.382618
96,001136.npy,9.3962,24.7413,-15.3452,0.0265,0.7895,-0.763,0.068375,0.0011231,0.39400101,0.00344483,0.01495204,Severe Detail Loss,0.265256
97,001147.npy,6.249,21.6623,-15.4133,0.0225,0.5318,-0.5093,0.113205,0.00099196,0.3918888,0.00645751,0.01914215,Severe Detail Loss,0.438604
98,001152.npy,4.5898,19.3769,-14.787,0.0067,0.5761,-0.5694,0.063197,0.00110302,0.69558406,0.00883825,0.04880576,Severe Detail Loss,0.526685
99,001153.npy,6.1165,22.7226,-16.6061,0.0128,0.5995,-0.5868,0.131854,0.00100983,0.27650875,0.00673975,0.01771401,Severe Detail Loss,0.427658
100,001154.npy,5.4715,21.6208,-16.1493,0.0122,0.4895,-0.4773,0.149467,0.00101481,0.26984721,0.00781101,0.01820647,Severe Detail Loss,0.479328
101,001158.npy,10.7513,24.459,-13.7077,0.0183,0.4282,-0.4099,0.088141,0.0011103,0.05847609,0.00302655,0.0244058,Severe Detail Loss,0.245672
102,001162.npy,3.6185,21.9358,-18.3172,0.018,0.2808,-0.2629,0.435421,0.00081854,0.13462566,0.0118902,0.01081118,Severe Detail Loss,0.634331
103,001180.npy,8.585,22.7926,-14.2076,0.0164,0.736,-0.7196,0.046286,0.00102011,0.42062587,0.00394107,0.03516143,Severe Detail Loss,0.319407
104,001183.npy,6.609,22.2111,-15.6022,0.0097,0.549,-0.5394,0.118429,0.00095738,0.26698273,0.00626383,0.02014248,Severe Detail Loss,0.439449
105,001184.npy,4.981,22.1373,-17.1562,0.0072,0.6082,-0.601,0.135014,0.00094095,0.33950669,0.00870088,0.0250417,Severe Detail Loss,0.531763
106,001215.npy,4.9581,19.5648,-14.6067,0.0148,0.6375,-0.6227,0.041578,0.00102577,0.81931597,0.00800254,0.07449636,Severe Detail Loss,0.481211
107,001218.npy,12.98,25.3829,-12.4029,0.0377,0.7217,-0.684,0.054544,0.00107093,0.15081911,0.00206901,0.01792594,Severe Detail Loss,0.176282
108,001238.npy,14.4754,29.0081,-14.5327,0.0331,0.8144,-0.7813,0.129713,0.0010686,0.1042631,0.00182629,0.00467328,Severe Detail Loss,0.164555
109,001257.npy,4.6075,21.055,-16.4475,0.0245,0.1576,-0.1331,0.495438,0.00080937,0.10131166,0.00986828,0.00703318,Severe Detail Loss,0.58411
110,001267.npy,8.4574,24.587,-16.1296,0.0797,0.6644,-0.5847,0.179091,0.00089071,0.14507532,0.00388071,0.00743483,Severe Detail Loss,0.238816
111,001275.npy,9.9005,26.1293,-16.2288,0.1177,0.7786,-0.6609,0.134042,0.00092415,0.20367087,0.00324638,0.00780365,Severe Detail Loss,0.252201
112,001282.npy,11.005,20.8398,-9.8347,0.0058,0.4511,-0.4453,0.019963,0.00120737,0.27574432,0.00281437,0.09856986,Severe Detail Loss,0.258248
113,001291.npy,13.5724,22.7314,-9.159,0.0222,0.7359,-0.7137,0.015585,0.00117725,0.45612842,0.00185673,0.05213957,Severe Detail Loss,0.159446
114,001294.npy,15.614,28.5515,-12.9375,0.0485,0.71,-0.6615,0.078641,0.00111779,0.10837162,0.00161132,0.00922534,Severe Detail Loss,0.130035
115,001297.npy,4.3826,21.6588,-17.2762,0.0183,0.2973,-0.279,0.415899,0.00086067,0.14645803,0.01004961,0.0082283,Severe Detail Loss,0.582795
116,001300.npy,5.9882,22.25,-16.2618,0.0261,0.3079,-0.2818,0.474455,0.00091694,0.09569255,0.00724632,0.00509427,Severe Detail Loss,0.469452
117,001306.npy,2.4419,19.0668,-16.6249,0.0052,0.4001,-0.3948,0.110819,0.00088312,0.53235626,0.01463361,0.04561079,Severe Detail Loss,0.737766
118,001327.npy,10.1323,22.6003,-12.468,0.0337,0.7224,-0.6887,0.027776,0.00107133,0.44833723,0.00294641,0.0441043,Severe Detail Loss,0.231885
119,001354.npy,6.08,22.2067,-16.1267,0.0171,0.3541,-0.337,0.271307,0.00090084,0.10955185,0.00705517,0.01192317,Severe Detail Loss,0.460843
120,001363.npy,5.8907,21.1802,-15.2895,0.0063,0.3411,-0.3348,0.071885,0.00090718,0.20649436,0.00738982,0.06556065,Severe Detail Loss,0.477084
121,001367.npy,5.9912,21.5907,-15.5995,0.0183,0.3528,-0.3345,0.078338,0.00091666,0.2674422,0.00720427,0.04517135,Severe Detail Loss,0.485267
122,001369.npy,6.0459,21.1458,-15.0999,0.0044,0.6147,-0.6103,0.064325,0.00097787,0.47465029,0.00690251,0.04150753,Severe Detail Loss,0.47537
123,001390.npy,5.2614,23.7161,-18.4548,0.0208,0.3431,-0.3224,0.478472,0.00079018,0.06786688,0.00854989,0.00792345,Severe Detail Loss,0.50239
124,001400.npy,10.5855,27.3762,-16.7907,0.0305,0.7322,-0.7018,0.159321,0.00098432,0.12167813,0.00293318,0.006217,Severe Detail Loss,0.251245
125,001408.npy,14.9169,29.0676,-14.1507,0.1596,0.8528,-0.6932,0.108002,0.00083007,0.06481931,0.00163302,0.00695783,Severe Detail Loss,0.097791
126,001415.npy,4.583,19.4906,-14.9076,0.0071,0.6382,-0.6311,0.049838,0.00111376,0.8330462,0.00863139,0.07040999,Severe Detail Loss,0.518606
127,001434.npy,1.0764,21.9315,-20.855,0.021,0.2395,-0.2185,0.630319,0.00087856,0.17562956,0.02003282,0.01063303,Severe Detail Loss,0.858568
128,001438.npy,7.847,24.2568,-16.4097,0.0229,0.4775,-0.4546,0.227569,0.0009235,0.14717823,0.00496416,0.00776382,Severe Detail Loss,0.376534
129,001439.npy,8.1144,25.4203,-17.306,0.0234,0.5597,-0.5362,0.19222,0.00090454,0.16110374,0.00464351,0.00858722,Severe Detail Loss,0.360722
130,001443.npy,7.8564,23.0505,-15.1941,0.013,0.5803,-0.5673,0.190626,0.00098515,0.17140517,0.0049247,0.00991488,Severe Detail Loss,0.377362
131,001445.npy,16.6171,30.2942,-13.6771,0.2881,0.9238,-0.6357,0.075129,0.00083862,0.15097083,0.0014735,0.00593013,Severe Detail Loss,0.078192
132,001478.npy,10.1379,25.4813,-15.3434,0.0526,0.7093,-0.6567,0.130206,0.0010049,0.17874929,0.00320574,0.00854506,Severe Detail Loss,0.249089
133,001479.npy,10.5031,27.1863,-16.6832,0.0504,0.752,-0.7017,0.127028,0.00097997,0.16593656,0.00299633,0.00825898,Severe Detail Loss,0.246061
134,001482.npy,2.1722,21.3272,-19.1551,0.0125,0.3676,-0.355,0.446027,0.00084675,0.25627276,0.01576769,0.01187933,Severe Detail Loss,0.758257
135,001484.npy,4.075,20.9752,-16.9002,0.0395,0.3597,-0.3202,0.429403,0.00096975,0.16025129,0.0103531,0.00815849,Severe Detail Loss,0.556298
136,001485.npy,3.5044,20.225,-16.7206,0.0271,0.2943,-0.2672,0.490262,0.00103628,0.13861281,0.01176848,0.00812747,Severe Detail Loss,0.602666
137,001495.npy,5.0192,21.9003,-16.8811,0.1177,0.5533,-0.4356,0.342417,0.00085082,0.15738237,0.00804404,0.00734559,Severe Detail Loss,0.403276
138,001496.npy,4.1341,22.6683,-18.5341,0.0265,0.4445,-0.418,0.265133,0.00092467,0.22602552,0.00998363,0.01447056,Severe Detail Loss,0.54083
139,001500.npy,6.7354,23.5589,-16.8235,0.0139,0.4041,-0.3902,0.20554,0.00088396,0.09273621,0.00631285,0.01879396,Severe Detail Loss,0.431627
140,001515.npy,15.8083,25.4152,-9.6069,0.0436,0.7334,-0.6898,0.024378,0.00107761,0.21209434,0.00158445,0.03214922,Severe Detail Loss,0.121343
141,001520.npy,4.8658,21.6793,-16.8135,0.0136,0.4974,-0.4838,0.369068,0.00086937,0.17584515,0.00893197,0.00836746,Severe Detail Loss,0.533648
142,001522.npy,7.502,25.4573,-17.9553,0.0188,0.6505,-0.6317,0.371606,0.00091018,0.10539851,0.00516806,0.00576782,Severe Detail Loss,0.370397
143,001527.npy,9.82,26.235,-16.4151,0.0558,0.568,-0.5123,0.61509,0.00092828,0.03134691,0.00332232,0.00234029,Severe Detail Loss,0.24816
144,001528.npy,5.8276,20.5605,-14.7329,0.0125,0.4212,-0.4087,0.102692,0.00100866,0.45665085,0.00760376,0.02082092,Severe Detail Loss,0.49716
145,001529.npy,10.1498,26.4448,-16.2951,0.0208,0.5451,-0.5243,0.188649,0.00097654,0.06950197,0.00326343,0.00848738,Severe Detail Loss,0.284425
146,001534.npy,12.7753,25.4353,-12.66,0.0307,0.6265,-0.5958,0.053626,0.00115815,0.19855982,0.00218589,0.01511364,Severe Detail Loss,0.206569
147,001570.npy,14.0314,26.7592,-12.7278,0.0192,0.5554,-0.5362,0.060309,0.00115618,0.07352458,0.00192571,0.0203293,Severe Detail Loss,0.178973
148,001579.npy,18.9313,32.0047,-13.0734,0.1626,0.8036,-0.641,0.145634,0.00087051,0.06145509,0.00131263,0.00270395,Severe Detail Loss,0.079827
149,001585.npy,6.957,21.8468,-14.8898,0.0134,0.673,-0.6596,0.052605,0.00101509,0.43003839,0.00551893,0.04733714,Severe Detail Loss,0.388466
150,001589.npy,7.0761,20.7985,-13.7224,0.0115,0.6027,-0.5913,0.040582,0.00108616,0.64383578,0.00507823,0.04837601,Severe Detail Loss,0.37713
151,001597.npy,3.042,21.3142,-18.2722,0.0138,0.3195,-0.3057,0.252029,0.00099746,0.19772133,0.01308398,0.02460825,Severe Detail Loss,0.640403
152,001603.npy,11.2377,24.2138,-12.9762,0.0112,0.6845,-0.6733,0.059044,0.00112013,0.23649836,0.00266282,0.01688487,Severe Detail Loss,0.253228
153,001631.npy,8.2079,24.5435,-16.3356,0.0152,0.7127,-0.6974,0.152911,0.00093923,0.24224892,0.00435581,0.00992291,Severe Detail Loss,0.344229
154,001634.npy,5.909,22.8258,-16.9169,0.0156,0.3363,-0.3207,0.216693,0.00082678,0.1065385,0.00738148,0.02057659,Severe Detail Loss,0.468356
155,001636.npy,2.7451,18.376,-15.631,0.0142,0.4719,-0.4577,0.067999,0.00116237,0.96887934,0.0128973,0.0672641,Severe Detail Loss,0.650252
156,001638.npy,11.2295,21.3166,-10.0871,0.0668,0.7318,-0.665,0.016325,0.00116008,0.57641011,0.00237,0.06859036,Severe Detail Loss,0.186478
157,001643.npy,15.6937,31.0137,-15.32,0.0415,0.7376,-0.6961,0.198417,0.00107484,0.04014545,0.00160208,0.00333123,Severe Detail Loss,0.149253
158,001648.npy,5.402,21.3266,-15.9246,0.0229,0.6404,-0.6175,0.069298,0.00100216,0.56047201,0.00756601,0.0438366,Severe Detail Loss,0.483345
159,001661.npy,4.0411,22.4299,-18.3888,0.0172,0.5577,-0.5405,0.463132,0.00084041,0.22128341,0.01039015,0.00736677,Severe Detail Loss,0.566587
160,001663.npy,4.0252,20.737,-16.7118,0.0174,0.4896,-0.4722,0.466058,0.00092596,0.22043934,0.01037161,0.00732734,Severe Detail Loss,0.567814
161,001678.npy,11.0835,25.6992,-14.6157,0.029,0.5899,-0.5609,0.094371,0.00102096,0.12603772,0.0029065,0.01323672,Severe Detail Loss,0.245857
162,001682.npy,7.5712,24.4202,-16.8491,0.0202,0.7076,-0.6874,0.164216,0.00091635,0.31373268,0.00467211,0.00860414,Severe Detail Loss,0.360754
163,001685.npy,2.8222,20.3371,-17.5149,0.0202,0.2994,-0.2792,0.447867,0.00103798,0.17813584,0.0135832,0.01028219,Severe Detail Loss,0.667991
164,001695.npy,7.6998,23.1439,-15.4442,0.0323,0.6959,-0.6636,0.074171,0.0010581,0.3771607,0.00444947,0.02124475,Severe Detail Loss,0.309324
165,001696.npy,7.7993,24.0144,-16.215,0.0805,0.7779,-0.6974,0.130133,0.00083537,0.18364534,0.00429144,0.01259943,Severe Detail Loss,0.250229
166,001698.npy,14.5278,27.5099,-12.9821,0.0283,0.5649,-0.5367,0.064954,0.00115411,0.05639874,0.00183779,0.0190078,Severe Detail Loss,0.167063
167,001704.npy,5.2674,22.5967,-17.3293,0.0206,0.4683,-0.4477,0.151273,0.000947,0.31975624,0.00798136,0.02032941,Severe Detail Loss,0.490866
168,001707.npy,5.5494,23.0564,-17.507,0.0253,0.3342,-0.3089,0.575805,0.00083204,0.07837266,0.00804148,0.00502752,Severe Detail Loss,0.497498
169,001722.npy,7.5184,23.8638,-16.3454,0.0118,0.6796,-0.6678,0.154715,0.00099542,0.24146414,0.00518354,0.01151636,Severe Detail Loss,0.387353
170,001733.npy,10.5328,26.4194,-15.8866,0.063,0.6625,-0.5995,0.232329,0.00099307,0.05827063,0.00298784,0.0055202,Severe Detail Loss,0.19916
171,001734.npy,13.0739,28.4797,-15.4058,0.0609,0.7052,-0.6442,0.185684,0.00103484,0.04983119,0.00212418,0.00504122,Severe Detail Loss,0.161074
172,001751.npy,3.6547,21.4383,-17.7836,0.011,0.3956,-0.3847,0.223638,0.00087285,0.24760842,0.01164592,0.01947064,Severe Detail Loss,0.625351
173,001757.npy,8.5987,25.8623,-17.2635,0.0306,0.5473,-0.5167,0.452419,0.00091822,0.06109546,0.00420878,0.00365883,Severe Detail Loss,0.332778
174,001759.npy,8.0585,25.0746,-17.0161,0.0298,0.496,-0.4662,0.426466,0.00090902,0.06916569,0.00467002,0.00422265,Severe Detail Loss,0.359296
175,001768.npy,2.6807,20.3594,-17.6786,0.019,0.1826,-0.1636,0.511128,0.000868,0.15616675,0.01444904,0.00967563,Severe Detail Loss,0.724422
176,001787.npy,3.4899,21.8137,-18.3238,0.0123,0.567,-0.5547,0.178786,0.00095812,0.45047319,0.01149691,0.02215551,Severe Detail Loss,0.601747
177,001794.npy,2.7575,18.2281,-15.4706,0.0093,0.322,-0.3127,0.093824,0.00108898,0.60705459,0.01329689,0.06376991,Severe Detail Loss,0.692521
178,001796.npy,15.2484,30.4386,-15.1901,0.0369,0.8225,-0.7857,0.114142,0.00112522,0.09682626,0.00174556,0.00539486,Severe Detail Loss,0.148378
179,001802.npy,8.6927,25.7187,-17.026,0.0432,0.5291,-0.4859,0.333932,0.00086648,0.06149599,0.00402601,0.0045317,Severe Detail Loss,0.30735
180,001806.npy,5.9211,21.5685,-15.6475,0.0128,0.5484,-0.5356,0.168605,0.00093691,0.27441615,0.00708748,0.01491222,Severe Detail Loss,0.464712
181,001819.npy,8.4875,25.5461,-17.0586,0.1834,0.6559,-0.4725,0.271308,0.0009348,0.07545049,0.00427816,0.00807811,Severe Detail Loss,0.269208
182,001843.npy,9.3227,24.9578,-15.6351,0.0317,0.6326,-0.6009,0.180056,0.00097354,0.10093472,0.0035746,0.00735362,Severe Detail Loss,0.267502
183,001853.npy,5.0647,23.0558,-17.991,0.0164,0.4534,-0.437,0.365575,0.00092079,0.15433273,0.00858178,0.00819517,Severe Detail Loss,0.513166
184,001863.npy,5.5168,22.1845,-16.6677,0.0202,0.2992,-0.279,0.254719,0.00088491,0.10208648,0.00796609,0.01654183,Severe Detail Loss,0.490354
185,001881.npy,4.1762,21.4165,-17.2403,0.0081,0.5492,-0.541,0.262931,0.00086566,0.30313936,0.01017513,0.01302288,Severe Detail Loss,0.59258
186,001884.npy,1.3623,19.4431,-18.0808,0.0189,0.1063,-0.0873,0.514826,0.0009507,0.19425774,0.0189066,0.01245357,Severe Detail Loss,0.852516
187,001895.npy,6.0778,22.2807,-16.2029,0.0181,0.4666,-0.4485,0.094766,0.00094113,0.29591966,0.00689871,0.03654561,Severe Detail Loss,0.451406
188,001899.npy,5.3917,20.89,-15.4983,0.0112,0.2343,-0.223,0.141674,0.00088517,0.12694421,0.00822618,0.03928914,Severe Detail Loss,0.506789
189,001919.npy,9.353,24.6217,-15.2687,0.0172,0.7354,-0.7182,0.065173,0.00111813,0.29595765,0.00355473,0.02084254,Severe Detail Loss,0.29073
190,001923.npy,3.8667,21.4922,-17.6255,0.0147,0.5686,-0.5539,0.133927,0.00090592,0.35817674,0.01074798,0.03215293,Severe Detail Loss,0.569107
191,001930.npy,8.5586,22.3037,-13.7451,0.0077,0.6251,-0.6173,0.069122,0.00108978,0.29913512,0.0043079,0.02645049,Severe Detail Loss,0.345151
192,001955.npy,18.6012,31.7727,-13.1715,0.159,0.9087,-0.7496,0.086332,0.00077362,0.06909818,0.00125087,0.00538696,Severe Detail Loss,0.070325
193,001959.npy,6.4011,23.8886,-17.4875,0.0181,0.3701,-0.352,0.196227,0.00095517,0.10362765,0.00651712,0.01874617,Severe Detail Loss,0.425994
194,001969.npy,3.4716,21.8897,-18.4181,0.0134,0.288,-0.2746,0.374901,0.00078797,0.12775892,0.01235745,0.01485411,Severe Detail Loss,0.645726
195,001981.npy,3.4376,20.3532,-16.9156,0.0105,0.5699,-0.5594,0.235362,0.00105404,0.47291267,0.01135333,0.01477267,Severe Detail Loss,0.615663
196,001986.npy,3.8502,21.9263,-18.0761,0.0184,0.2779,-0.2595,0.474237,0.00079361,0.14782728,0.01126468,0.00824548,Severe Detail Loss,0.626447
197,001998.npy,10.1282,26.9144,-16.7862,0.0251,0.6723,-0.6472,0.134587,0.00093985,0.20510639,0.00296115,0.00944378,Severe Detail Loss,0.256803
198,002027.npy,4.9614,20.4907,-15.5293,0.0153,0.3196,-0.3042,0.227689,0.00090843,0.2148402,0.00902472,0.01393316,Severe Detail Loss,0.552197
199,002038.npy,4.3478,19.6674,-15.3196,0.0099,0.2328,-0.2229,0.137726,0.00101175,0.16355422,0.00999306,0.04572761,Severe Detail Loss,0.556944
200,002041.npy,2.3005,16.2389,-13.9384,0.0018,0.4845,-0.4826,0.036024,0.0012244,1.16706729,0.01460156,0.2060051,Severe Detail Loss,0.738473
201,002047.npy,5.3561,19.6314,-14.2753,0.0173,0.3251,-0.3077,0.078302,0.00098424,0.33372837,0.00810571,0.06110188,Severe Detail Loss,0.518756
202,002049.npy,15.0188,29.6005,-14.5817,0.0471,0.7467,-0.6996,0.228408,0.00106712,0.05145913,0.00175254,0.00282069,Severe Detail Loss,0.153929
203,002056.npy,10.9401,26.9115,-15.9714,0.1773,0.8075,-0.6302,0.099747,0.00104509,0.22459573,0.0027715,0.00800415,Severe Detail Loss,0.187417
204,002061.npy,5.6286,22.0774,-16.4488,0.0156,0.3661,-0.3506,0.3226,0.00083956,0.14613634,0.00792454,0.00887212,Severe Detail Loss,0.512993
205,002062.npy,5.7103,21.4899,-15.7796,0.0149,0.3542,-0.3393,0.280581,0.0008914,0.15908334,0.00774329,0.00995764,Severe Detail Loss,0.508026
206,002068.npy,7.009,22.4829,-15.4739,0.0436,0.5949,-0.5513,0.078567,0.00096134,0.3046051,0.00566785,0.03182192,Severe Detail Loss,0.394849
207,002088.npy,7.6234,22.9237,-15.3003,0.0121,0.6299,-0.6177,0.065534,0.00103696,0.32769412,0.00491247,0.03358897,Severe Detail Loss,0.360859
208,002101.npy,4.8455,21.3377,-16.4922,0.0255,0.4783,-0.4527,0.370278,0.00100431,0.21138205,0.00877425,0.00782847,Severe Detail Loss,0.502121
209,002135.npy,7.1895,21.3906,-14.2011,0.0051,0.6366,-0.6315,0.044179,0.00102151,0.45780811,0.00544266,0.05787449,Severe Detail Loss,0.405785
210,002139.npy,5.3881,22.4303,-17.0422,0.0619,0.6271,-0.5652,0.22586,0.00098825,0.29182383,0.00787894,0.011407,Severe Detail Loss,0.469202
211,002146.npy,6.0868,21.4829,-15.3962,0.0047,0.6019,-0.5972,0.080135,0.00091956,0.3691543,0.00708452,0.0361866,Severe Detail Loss,0.482794
212,002160.npy,6.7313,21.9577,-15.2264,0.0155,0.4008,-0.3853,0.108869,0.00096018,0.21913131,0.00624024,0.02530857,Severe Detail Loss,0.439348
213,002169.npy,3.288,21.5589,-18.2709,0.0176,0.5318,-0.5142,0.48796,0.00099458,0.21298182,0.01204065,0.00761809,Severe Detail Loss,0.588504
214,002182.npy,3.7794,21.6862,-17.9068,0.0117,0.4875,-0.4758,0.314723,0.00085554,0.30963385,0.01093215,0.01141892,Severe Detail Loss,0.615215
215,002191.npy,2.8948,20.6613,-17.7665,0.0137,0.378,-0.3643,0.150196,0.00090718,0.33122617,0.01335788,0.04206548,Severe Detail Loss,0.67561
216,002198.npy,14.3474,28.8846,-14.5372,0.0591,0.7608,-0.7017,0.200721,0.00105779,0.07418972,0.00190622,0.00360657,Severe Detail Loss,0.157616
217,002199.npy,16.7082,31.3176,-14.6094,0.0948,0.8372,-0.7425,0.187792,0.00099702,0.06177316,0.00158021,0.00312447,Severe Detail Loss,0.110542
218,002200.npy,4.4854,19.6827,-15.1972,0.0136,0.3528,-0.3392,0.140232,0.00096625,0.27929837,0.00972127,0.03170443,Severe Detail Loss,0.567686
219,002214.npy,17.4558,32.2015,-14.7456,0.0506,0.8078,-0.7571,0.178895,0.00115292,0.04717551,0.00157288,0.00347654,Severe Detail Loss,0.122183
220,002235.npy,1.5832,19.7529,-18.1697,0.013,0.2613,-0.2484,0.460183,0.00093313,0.25323087,0.01788474,0.01264503,Severe Detail Loss,0.826198
221,002237.npy,6.8746,21.7947,-14.9201,0.0657,0.6686,-0.6028,0.047598,0.00119792,0.53904557,0.00552529,0.04797852,Severe Detail Loss,0.351888
222,002253.npy,3.3525,20.9376,-17.5851,0.0087,0.401,-0.3922,0.147026,0.0009551,0.52206385,0.01169592,0.03605939,Severe Detail Loss,0.640069
223,002255.npy,3.308,19.9662,-16.6581,0.0089,0.3628,-0.354,0.148682,0.00099304,0.52449691,0.01179881,0.03591875,Severe Detail Loss,0.643814
224,002264.npy,2.109,18.4445,-16.3355,0.0081,0.5332,-0.5251,0.062858,0.00096793,1.60859919,0.01404429,0.0609809,Severe Detail Loss,0.73593
225,002267.npy,11.9778,24.7737,-12.7959,0.0471,0.8288,-0.7817,0.031911,0.00109665,0.41030997,0.00209746,0.02243683,Severe Detail Loss,0.174999
226,002278.npy,4.7498,22.1283,-17.3785,0.0136,0.2774,-0.2638,0.187269,0.00086261,0.15706804,0.00929836,0.02663236,Severe Detail Loss,0.547297
227,002294.npy,9.4355,23.2881,-13.8525,0.0219,0.7115,-0.6896,0.040557,0.00102107,0.46490797,0.00334744,0.03087505,Severe Detail Loss,0.27
228,002300.npy,3.7676,21.6241,-17.8565,0.0078,0.4795,-0.4717,0.225421,0.00085021,0.25170916,0.01137224,0.01964348,Severe Detail Loss,0.629105
229,002301.npy,7.186,23.4659,-16.2799,0.0288,0.3739,-0.3451,0.295277,0.00095421,0.09703833,0.00556854,0.00746688,Severe Detail Loss,0.404804
230,002317.npy,2.5484,17.2164,-14.668,0.0022,0.5492,-0.5471,0.063584,0.00117349,0.99952984,0.01404392,0.07806969,Severe Detail Loss,0.729133
231,002324.npy,3.5655,22.487,-18.9215,0.0242,0.3919,-0.3677,0.482201,0.00087913,0.1568791,0.01178909,0.0080823,Severe Detail Loss,0.609432
232,002327.npy,2.7481,21.4291,-18.681,0.0159,0.306,-0.29,0.705975,0.00084327,0.13931473,0.01423931,0.00684782,Severe Detail Loss,0.704042
233,002336.npy,3.6297,19.6435,-16.0138,0.0169,0.4805,-0.4636,0.067309,0.00109487,0.68917584,0.01094754,0.06865588,Severe Detail Loss,0.585421
234,002343.npy,4.5864,22.7346,-18.1482,0.0157,0.3832,-0.3674,0.457543,0.00076331,0.12910412,0.00976954,0.00763105,Severe Detail Loss,0.581423
235,002363.npy,7.2701,22.4391,-15.169,0.0207,0.695,-0.6743,0.063479,0.00107732,0.45814094,0.00509724,0.02853277,Severe Detail Loss,0.340757
236,002385.npy,3.6652,18.2893,-14.624,0.0064,0.2545,-0.2481,0.079243,0.00093488,0.34174779,0.01144012,0.06421364,Severe Detail Loss,0.618345
237,002391.npy,2.0281,19.4142,-17.3861,0.0111,0.2618,-0.2507,0.246045,0.00093016,0.29455328,0.01632168,0.02558098,Severe Detail Loss,0.781261
238,002393.npy,5.366,18.9204,-13.5543,0.0063,0.6038,-0.5975,0.03175,0.00110052,0.91983652,0.0073598,0.08780155,Severe Detail Loss,0.481008
239,002432.npy,1.4739,20.0433,-18.5695,0.018,0.1912,-0.1732,0.426757,0.00101699,0.22635415,0.01842689,0.01549142,Severe Detail Loss,0.814896
240,002433.npy,9.8597,25.2706,-15.4109,0.0253,0.6447,-0.6194,0.090618,0.00094847,0.16476339,0.00323178,0.01389513,Severe Detail Loss,0.276978
241,002435.npy,8.5608,22.8159,-14.2551,0.0204,0.5374,-0.517,0.101789,0.00097864,0.19782612,0.00422552,0.01631426,Severe Detail Loss,0.330552
242,002449.npy,10.5415,27.0226,-16.4811,0.0378,0.6081,-0.5703,0.243197,0.00105809,0.08516665,0.00299174,0.00489916,Severe Detail Loss,0.253406
243,002450.npy,10.6314,26.6873,-16.0559,0.0383,0.5956,-0.5573,0.245914,0.00108452,0.08443828,0.00296647,0.0048134,Severe Detail Loss,0.249483
244,002454.npy,5.9562,22.0011,-16.0449,0.0084,0.6192,-0.6108,0.31232,0.00093266,0.23853384,0.00711936,0.00678671,Severe Detail Loss,0.469252
245,002489.npy,3.646,20.3227,-16.6767,0.0153,0.2037,-0.1884,0.360282,0.00087799,0.13527888,0.0118876,0.01552918,Severe Detail Loss,0.642917
246,002511.npy,2.3627,18.0181,-15.6555,0.0076,0.2783,-0.2707,0.107536,0.00104964,0.41017801,0.01508637,0.0711412,Severe Detail Loss,0.739057
247,002520.npy,11.0689,25.0626,-13.9937,0.0481,0.6486,-0.6006,0.073501,0.00101607,0.16547972,0.00272595,0.01512042,Severe Detail Loss,0.222265
248,002532.npy,7.6209,22.7165,-15.0955,0.0188,0.5879,-0.569,0.123207,0.00096271,0.21468121,0.00498036,0.01327279,Severe Detail Loss,0.362386
249,002556.npy,9.0124,26.2903,-17.2779,0.0192,0.723,-0.7038,0.267103,0.00095271,0.13789889,0.00379171,0.00596447,Severe Detail Loss,0.317126
250,002557.npy,10.0749,24.2329,-14.158,0.0187,0.6665,-0.6478,0.09539,0.00109033,0.22658357,0.00322345,0.01246377,Severe Detail Loss,0.280586
251,002558.npy,10.0885,25.7576,-15.6691,0.0184,0.7305,-0.7121,0.092962,0.00104136,0.22373091,0.00319934,0.0126603,Severe Detail Loss,0.281268
252,002568.npy,7.3412,24.7869,-17.4457,0.0187,0.5901,-0.5714,0.229557,0.00092647,0.1408716,0.00543971,0.0092074,Severe Detail Loss,0.386786
253,002572.npy,4.6389,23.8598,-19.2209,0.0657,0.5812,-0.5156,0.668518,0.00085123,0.11413136,0.00899964,0.00456879,Severe Detail Loss,0.483346
254,002598.npy,8.8329,23.5574,-14.7245,0.0291,0.771,-0.7419,0.057008,0.00098704,0.41171321,0.00370898,0.0243234,Severe Detail Loss,0.290582
255,002604.npy,2.8821,21.1305,-18.2484,0.0138,0.2777,-0.2639,0.328317,0.00084041,0.18605366,0.01370951,0.01975535,Severe Detail Loss,0.696063
256,002612.npy,3.6254,20.6445,-17.0191,0.0179,0.3149,-0.2971,0.327428,0.00097931,0.18261543,0.01158034,0.01398517,Severe Detail Loss,0.599559
257,002613.npy,3.0771,20.6,-17.5228,0.0246,0.3379,-0.3133,0.433098,0.00099124,0.17044669,0.01278948,0.01031057,Severe Detail Loss,0.629507
258,002625.npy,4.0919,18.9862,-14.8943,0.0086,0.2232,-0.2146,0.141783,0.00092702,0.20723331,0.01070562,0.04672937,Severe Detail Loss,0.609627
259,002640.npy,4.2314,20.9036,-16.6723,0.0098,0.5103,-0.5005,0.097162,0.00095473,0.55514133,0.00987447,0.03372679,Severe Detail Loss,0.574378
260,002660.npy,5.0064,21.0494,-16.043,0.0179,0.3975,-0.3796,0.204832,0.00094785,0.25295123,0.00859637,0.01490379,Severe Detail Loss,0.522653
261,002675.npy,6.1409,22.3811,-16.2402,0.0142,0.4832,-0.469,0.107048,0.00097942,0.30295122,0.00691879,0.02411825,Severe Detail Loss,0.455522
262,002680.npy,10.4446,24.8473,-14.4028,0.0595,0.7347,-0.6752,0.053645,0.00092852,0.2548987,0.00289591,0.02195955,Severe Detail Loss,0.219489
263,002690.npy,4.9233,21.5637,-16.6404,0.0522,0.5047,-0.4525,0.132863,0.00094903,0.38104418,0.00851533,0.01987404,Severe Detail Loss,0.488601
264,002693.npy,0.5883,19.9666,-19.3783,0.0172,0.1409,-0.1237,0.531154,0.00105202,0.22059476,0.02214763,0.01433965,Severe Detail Loss,0.932537
265,002695.npy,6.0005,20.0439,-14.0434,0.0052,0.2961,-0.291,0.053848,0.00093801,0.24407971,0.0071745,0.09115025,Severe Detail Loss,0.480245
266,002729.npy,1.367,19.7441,-18.3771,0.0177,0.1379,-0.1201,0.567293,0.00098286,0.18072756,0.01887388,0.01140557,Severe Detail Loss,0.846719
267,002731.npy,2.0659,21.1134,-19.0475,0.0177,0.2111,-0.1934,0.498949,0.0008561,0.18848163,0.0163626,0.01112524,Severe Detail Loss,0.776219
268,002734.npy,2.398,19.5637,-17.1657,0.0156,0.3016,-0.286,0.335848,0.0010061,0.31473088,0.01477942,0.01413103,Severe Detail Loss,0.724065
269,002747.npy,10.1427,25.2739,-15.1312,0.0242,0.5414,-0.5172,0.226966,0.00104553,0.06187188,0.00324252,0.0079646,Severe Detail Loss,0.281395
270,002767.npy,7.3158,23.8522,-16.5364,0.0277,0.3458,-0.3181,0.359635,0.00095132,0.06445066,0.00553118,0.00705921,Severe Detail Loss,0.393741
271,002773.npy,6.4176,24.1657,-17.7481,0.0153,0.6313,-0.616,0.222956,0.00088283,0.18845797,0.00653332,0.01179886,Severe Detail Loss,0.437233
272,002777.npy,11.5606,22.2062,-10.6457,0.0275,0.7012,-0.6737,0.023239,0.00107849,0.40063363,0.00244519,0.04176664,Severe Detail Loss,0.201666
273,002790.npy,6.0716,20.7118,-14.6402,0.0051,0.456,-0.4509,0.07341,0.0009416,0.28289193,0.00713686,0.05159561,Severe Detail Loss,0.482772
274,002796.npy,2.3044,20.1334,-17.829,0.0141,0.2614,-0.2473,0.262259,0.00091433,0.27681273,0.01542992,0.0218773,Severe Detail Loss,0.738501
275,002799.npy,4.5436,22.303,-17.7594,0.0137,0.2744,-0.2607,0.257837,0.00082016,0.1033586,0.00987851,0.02240977,Severe Detail Loss,0.56098
276,002811.npy,16.0456,27.8984,-11.8528,0.0415,0.6297,-0.5882,0.07411,0.00112555,0.06528003,0.00163783,0.01312725,Severe Detail Loss,0.137806
277,002814.npy,5.1561,23.1961,-18.04,0.0228,0.5978,-0.575,0.196116,0.0009721,0.31712291,0.00788778,0.01292813,Severe Detail Loss,0.471912
278,002824.npy,5.7236,20.9498,-15.2262,0.0146,0.558,-0.5434,0.106796,0.00109105,0.42568594,0.00705475,0.0230174,Severe Detail Loss,0.450069
279,002842.npy,1.546,20.8641,-19.3181,0.0158,0.2418,-0.226,0.475493,0.00090316,0.23173204,0.01810756,0.01256633,Severe Detail Loss,0.822027
280,002848.npy,6.0032,23.3829,-17.3797,0.0197,0.3988,-0.3791,0.286458,0.0008675,0.12443507,0.00717274,0.00964742,Severe Detail Loss,0.456542
281,002853.npy,10.8371,20.7249,-9.8877,0.0433,0.7246,-0.6813,0.014232,0.00124656,0.68026018,0.00253034,0.08291636,Severe Detail Loss,0.202943
282,002863.npy,7.2524,22.69,-15.4377,0.0077,0.6795,-0.6718,0.128764,0.00099211,0.32945415,0.00542308,0.01330351,Severe Detail Loss,0.408305
283,002869.npy,5.5045,23.0208,-17.5163,0.0286,0.3808,-0.3522,0.422605,0.00084251,0.08699196,0.00772656,0.00745449,Severe Detail Loss,0.457523
284,002879.npy,9.7271,24.0885,-14.3615,0.0307,0.6834,-0.6527,0.065579,0.00114125,0.25041261,0.00331375,0.01805744,Severe Detail Loss,0.248287
285,002888.npy,4.1563,20.9066,-16.7503,0.0144,0.363,-0.3486,0.399686,0.00087383,0.18260719,0.01047753,0.00994511,Severe Detail Loss,0.595441
286,002896.npy,6.4983,22.3974,-15.8991,0.0175,0.4627,-0.4452,0.337555,0.00095301,0.15405954,0.00644217,0.00653515,Severe Detail Loss,0.443231
287,002904.npy,8.3418,23.9069,-15.5651,0.0351,0.5971,-0.562,0.247597,0.00094584,0.14620972,0.00433696,0.00574142,Severe Detail Loss,0.337109
288,002911.npy,12.6043,27.403,-14.7986,0.0227,0.5738,-0.5511,0.101114,0.00100307,0.07789911,0.00210492,0.00903291,Severe Detail Loss,0.219881
289,002919.npy,3.2161,21.1143,-17.8982,0.0153,0.4235,-0.4082,0.290774,0.00093758,0.29542625,0.01231205,0.01356028,Severe Detail Loss,0.632595
290,002931.npy,5.2645,20.4716,-15.2072,0.0063,0.4728,-0.4665,0.067652,0.00087227,0.42615107,0.0083425,0.05346083,Severe Detail Loss,0.528321
291,002939.npy,4.8151,22.7242,-17.9092,0.0193,0.4796,-0.4603,0.249071,0.00080178,0.21852601,0.00910388,0.01253671,Severe Detail Loss,0.54857
292,002945.npy,7.0029,22.5504,-15.5474,0.0054,0.6684,-0.663,0.076287,0.00098035,0.38135058,0.00574133,0.0297627,Severe Detail Loss,0.423856
293,002959.npy,7.4531,23.6473,-16.1942,0.0204,0.5677,-0.5473,0.138037,0.00090998,0.16194385,0.00530622,0.01785562,Severe Detail Loss,0.388989
294,002977.npy,17.598,27.4147,-9.8168,0.0576,0.6758,-0.6181,0.041067,0.00096824,0.09319898,0.00133825,0.01944886,Severe Detail Loss,0.099805
295,003003.npy,8.6252,24.738,-16.1127,0.0284,0.3381,-0.3096,0.391537,0.0009647,0.06912573,0.00447615,0.00440177,Severe Detail Loss,0.36036
296,003005.npy,11.6574,23.6049,-11.9475,0.0698,0.7611,-0.6912,0.026882,0.0010921,0.40226781,0.00232206,0.03618909,Severe Detail Loss,0.1687
297,003016.npy,3.5581,20.0269,-16.4689,0.0089,0.6287,-0.6199,0.097996,0.00096358,0.71108204,0.01110538,0.04093758,Severe Detail Loss,0.618725
298,003019.npy,6.2984,21.817,-15.5187,0.0126,0.26,-0.2474,0.135582,0.00095337,0.11993915,0.00684843,0.02993373,Severe Detail Loss,0.449302
299,003033.npy,4.6435,20.0981,-15.4546,0.0073,0.4618,-0.4545,0.138999,0.000963,0.29437914,0.00939562,0.02768855,Severe Detail Loss,0.546642
300,003045.npy,4.1585,21.5679,-17.4094,0.0145,0.2211,-0.2065,0.310041,0.0008042,0.09915215,0.0107354,0.02049719,Severe Detail Loss,0.595385
301,003056.npy,7.0046,21.5095,-14.5049,0.0136,0.5068,-0.4932,0.06162,0.00102255,0.32653189,0.00577694,0.04356131,Severe Detail Loss,0.413769
302,003065.npy,9.5924,25.2495,-15.6571,0.0268,0.6842,-0.6574,0.109256,0.00103566,0.18995047,0.00348297,0.01209105,Severe Detail Loss,0.282835
303,003072.npy,10.0264,23.2699,-13.2434,0.0253,0.6209,-0.5956,0.036595,0.00105959,0.2702356,0.00323147,0.04764426,Severe Detail Loss,0.282342
304,003073.npy,10.4736,26.0064,-15.5328,0.0302,0.4378,-0.4077,0.348534,0.00097633,0.05435868,0.00300943,0.00351054,Severe Detail Loss,0.281829
305,003080.npy,5.2674,23.3666,-18.0992,0.024,0.5054,-0.4815,0.239557,0.00088579,0.24110281,0.00810187,0.01149663,Severe Detail Loss,0.490855
306,003090.npy,9.8217,24.3468,-14.525,0.0172,0.631,-0.6138,0.068733,0.00109007,0.23192734,0.0034192,0.02095546,Severe Detail Loss,0.293111
307,003092.npy,5.6213,21.2199,-15.5985,0.0166,0.3061,-0.2895,0.307162,0.00090366,0.13695282,0.00793674,0.00962284,Severe Detail Loss,0.508466
308,003105.npy,13.0034,29.0008,-15.9974,0.1236,0.8302,-0.7066,0.166806,0.00087306,0.09821302,0.00201689,0.00403334,Severe Detail Loss,0.133254
309,003107.npy,13.7897,30.079,-16.2894,0.1213,0.8564,-0.7352,0.154162,0.00087795,0.09323984,0.00183822,0.00396373,Severe Detail Loss,0.123279
310,003110.npy,2.9016,20.4983,-17.5968,0.0149,0.3319,-0.317,0.35231,0.0009232,0.2356914,0.01338226,0.01354007,Severe Detail Loss,0.681701
311,003113.npy,9.6854,23.574,-13.8886,0.0382,0.7341,-0.696,0.04174,0.00103604,0.38074362,0.00329631,0.02882195,Severe Detail Loss,0.251353
312,003116.npy,1.8182,20.1127,-18.2945,0.0173,0.136,-0.1187,0.496796,0.00089986,0.15828514,0.01730457,0.01446107,Severe Detail Loss,0.796834
313,003120.npy,10.3558,28.6339,-18.2781,0.037,0.6599,-0.6229,0.421948,0.00094364,0.03945762,0.00298851,0.00289229,Severe Detail Loss,0.252606
314,003129.npy,1.5541,20.3273,-18.7732,0.0143,0.1756,-0.1613,0.473547,0.000882,0.190148,0.01823264,0.01403357,Severe Detail Loss,0.832847
315,003138.npy,11.684,23.1135,-11.4294,0.0169,0.6838,-0.6669,0.028476,0.00107997,0.36835328,0.00238994,0.02963274,Severe Detail Loss,0.216993
316,003160.npy,6.1929,21.3205,-15.1275,0.0166,0.4347,-0.4181,0.13345,0.0010012,0.25493115,0.0067983,0.02100021,Severe Detail Loss,0.449176
317,003171.npy,11.4659,26.5437,-15.0778,0.0418,0.6821,-0.6403,0.148671,0.00099829,0.0956222,0.00248325,0.00826989,Severe Detail Loss,0.185746
318,003174.npy,6.9147,23.4011,-16.4864,0.0223,0.3932,-0.3709,0.280822,0.00092254,0.15595247,0.00608379,0.0069899,Severe Detail Loss,0.433053
319,003185.npy,10.2507,24.3167,-14.066,0.0821,0.8141,-0.7321,0.041672,0.00097848,0.37534156,0.00284299,0.02593323,Severe Detail Loss,0.228806
